CREATE DATABASE  IF NOT EXISTS `main_test` /*!40100 DEFAULT CHARACTER SET utf8mb4 COLLATE utf8mb4_0900_ai_ci */ /*!80016 DEFAULT ENCRYPTION='N' */;
USE `main_test`;
-- MySQL dump 10.13  Distrib 8.0.32, for Win64 (x86_64)
--
-- Host: 127.0.0.1    Database: main_test
-- ------------------------------------------------------
-- Server version	8.0.32

/*!40101 SET @OLD_CHARACTER_SET_CLIENT=@@CHARACTER_SET_CLIENT */;
/*!40101 SET @OLD_CHARACTER_SET_RESULTS=@@CHARACTER_SET_RESULTS */;
/*!40101 SET @OLD_COLLATION_CONNECTION=@@COLLATION_CONNECTION */;
/*!50503 SET NAMES utf8 */;
/*!40103 SET @OLD_TIME_ZONE=@@TIME_ZONE */;
/*!40103 SET TIME_ZONE='+00:00' */;
/*!40014 SET @OLD_UNIQUE_CHECKS=@@UNIQUE_CHECKS, UNIQUE_CHECKS=0 */;
/*!40014 SET @OLD_FOREIGN_KEY_CHECKS=@@FOREIGN_KEY_CHECKS, FOREIGN_KEY_CHECKS=0 */;
/*!40101 SET @OLD_SQL_MODE=@@SQL_MODE, SQL_MODE='NO_AUTO_VALUE_ON_ZERO' */;
/*!40111 SET @OLD_SQL_NOTES=@@SQL_NOTES, SQL_NOTES=0 */;

--
-- Table structure for table `client`
--

DROP TABLE IF EXISTS `client`;
/*!40101 SET @saved_cs_client     = @@character_set_client */;
/*!50503 SET character_set_client = utf8mb4 */;
CREATE TABLE `client` (
  `id` int NOT NULL AUTO_INCREMENT,
  `username` varchar(128) CHARACTER SET utf8mb4 COLLATE utf8mb4_unicode_ci NOT NULL COMMENT 'Email as the username',
  `password` varchar(96) CHARACTER SET utf8mb4 COLLATE utf8mb4_unicode_ci NOT NULL COMMENT 'Use password hash with BCRYPT',
  `created` datetime NOT NULL,
  `first_name` varchar(96) CHARACTER SET utf8mb4 COLLATE utf8mb4_unicode_ci NOT NULL,
  `last_name` varchar(96) CHARACTER SET utf8mb4 COLLATE utf8mb4_unicode_ci NOT NULL,
  PRIMARY KEY (`id`),
  UNIQUE KEY `UNIQ_70E4FA78F85E0677` (`username`),
  KEY `username_idx` (`username`)
) ENGINE=InnoDB AUTO_INCREMENT=223 DEFAULT CHARSET=utf8mb4 COLLATE=utf8mb4_unicode_ci;
/*!40101 SET character_set_client = @saved_cs_client */;

--
-- Dumping data for table `client`
--

LOCK TABLES `client` WRITE;
/*!40000 ALTER TABLE `client` DISABLE KEYS */;
INSERT INTO `client` VALUES (1,'maysarah','test1','2018-02-21 12:00:00','Maysarah','Abu Eloun'),(2,'medo','$2y$13$G9QfwEgn52IcIon0tNeRo.MHOSwf9eztgsiZ4yhnK.qIbCEpu3/6C','2023-03-30 14:13:56','Maysarano','Adriano'),(4,'leoda','$2y$13$TY/y/nk1og8Am6gNoBf8ueOwukQ9RaZsR7cuD3UguQOrX7KRVhPDq','2023-03-30 14:37:57','leonardo','da'),(9,'leodaa','$2y$13$EiGd2V3s.sj3umEaFhsCje.NsJxWZrOYK90nT/s1eZw/9TDlqaB5S','2023-03-30 14:49:23','leonardo','da'),(11,'johndar','$2y$04$WWMHtckkTej1FSBK2kFAT.OsLv3l6QQpNZi6u3zjPilsHUsiZFGsq','2023-04-02 03:09:46','John','Darling'),(15,'althea.hane','$2y$04$SMh2hnampE7kbOXx8dlhve1hJIMmciyB3XXxl0RTYWKBB8iyrT.16','2023-04-02 12:55:54','Claudie','Mertz'),(16,'shania.wunsch','$2y$04$GFE5OIyhR.OSNh52nGgKL.LTbndCPeUhb0Drenw4WehfUL4Y6X31a','2023-04-02 12:56:19','Dovie','Cassin'),(17,'rafael.kuhic','$2y$04$BNvw9e7M6C8hqxx4cN6.R.UpDXUrLrsyXBPDXQUti8bmk4rCp7Ta6','2023-04-02 12:57:16','Amina','Lebsack'),(18,'nikolaus.taryn','$2y$04$DeYh54BJqlCXiqLc6b9njOI8ZCBbct6a/rssCl9Uh18n/dPaDmyJO','2023-04-02 12:57:45','Velva','Gutkowski'),(19,'xsenger','$2y$04$pHZ1wb2wWXzEsRZ7OjA.x.C9lGYrjHVFrtOc5MxZDSN/42qj9hJ1e','2023-04-02 12:58:45','Jaquelin','Graham'),(20,'orion.prohaska','$2y$04$CJE5oc1B0N3tFiW/.8oEg.p9Cx25jKk7KE85zYWkfpOea0hyVNmLC','2023-04-02 13:02:38','Mack','Stark'),(21,'dkessler','$2y$04$XI6bDvt.hEbrsUVBLYL7w.BFCUY9KOsHmdiOXSRoFeDjvbc0Qv8S.','2023-04-02 13:03:16','Hildegard','Kunze'),(22,'genesis.zemlak','$2y$04$3tfXEeuyRIXlUV08k/VgKe2vqlEGUInGSnx1Wq86hahk7OMkJCzaW','2023-04-02 13:08:38','Raina','Green'),(23,'sfritsch','$2y$04$A4STRComCZVzI7HBsWVVa.L8XkX1KGugop2VVgerQIwrYe9yGEBtm','2023-04-02 13:30:51','Darrick','Rowe'),(24,'medhurst.brandy','$2y$04$63O05W2hlEoCY61xpfcyseE9si1NE99J0vOr7wNHkPfpsOPdHazIu','2023-04-02 13:31:19','Hilario','Kris'),(25,'hbosco','$2y$04$zGpiyhIVeRyvj9d0uhLdA.5E8ZNyRS83IhxWktvMBZtvPl0Tl0zsK','2023-04-02 13:31:32','Maya','Klocko'),(26,'allene37','$2y$04$sWeGjO7P7w0zIk2puHnBc.nh58OD4tw8H6L0ILTwC8c37QTH0gbtC','2023-04-02 13:31:58','Lambert','Cruickshank'),(27,'ojacobson','$2y$04$ej18aDxOLAXj4NY6l4hfSu/lfcLSkZVsvcw7Kshgn3vzqtVwx34Wi','2023-04-02 13:32:20','Elinor','Mayert'),(28,'kacie81','$2y$04$ZMVAmNisvUGob9FlVpOSNu8/wnNkSwMatT471dFsHuM.qYqcj2nHW','2023-04-02 13:33:09','Nelle','Kling'),(29,'lwatsica','$2y$04$uCkXiMUQ248wC2dg9/CgvuDupC8aqLS.9mqBeOJoG7c0Fl4s0Wn8K','2023-04-02 13:35:22','Hellen','Torphy'),(30,'lyric39','$2y$04$maiSrZk7HVS3I78sHJS4BOdizMqIcnwRLreI/u6SBgl2Whj1BksqO','2023-04-02 13:37:34','Laverna','Veum'),(31,'gutmann.jaunita','$2y$04$u1f9LY1t7Vl1f27QNy92TOywXMU.ppAI/siF8jLgDrOlmxHJrotge','2023-04-02 13:37:58','Marisol','Kunze'),(32,'vtillman','$2y$04$CbvKTzyKU.5MjN1L64Ol8e2BV.S1kU1sOv1UBzEOdq58oiy1P/Jbu','2023-04-02 13:38:33','Harrison','Harris'),(33,'ari36','$2y$04$Q8APMF4g5Qq8PO2Xgmj83e0ydHqWWUJmvoqpoGASg6h.IXlfjGEhO','2023-04-02 13:38:56','Joy','Schimmel'),(34,'bernard.langosh','$2y$04$2CEsuH5GaH91otmfyCsJzegQUxUqgVDYyB5gqmWgYIfICH7lio9xm','2023-04-02 13:41:09','Crystel','Wilkinson'),(35,'qjacobson','$2y$04$vyNz2f9mABjmGrNZQvey1eNk.mpCKEcF4zsCeQ9fuY3SMTzmipUqi','2023-04-02 13:53:32','Hilbert','Howell'),(36,'hannah80','$2y$04$lmW6QWwyjL6SwE/t7blQ9.g.WizQ9rwyC6EZocBA5pVKOZWnQSjhO','2023-04-02 13:55:07','Astrid','Dickens'),(37,'hturner','$2y$04$PQVSFjxkAP0vuwN1yD9Dme9pljqPeAhpd62i5BQ7DQyPihO3GAtFa','2023-04-02 13:55:31','Agustina','Bergstrom'),(38,'hodkiewicz.russ','$2y$04$EhLkczqU/QylqT1UCopAEeAlkmpt5f9pPlGLTJrsRCbUOUCryu6iS','2023-04-02 13:56:40','Miles','Carroll'),(39,'karen51','$2y$04$Ljejz6nJ1rR.NyteQE2lReE1YfXTM.CG3dHw2/FKPQ9EE6eZR8TYC','2023-04-02 13:56:57','Bernie','Breitenberg'),(40,'torp.bernardo','$2y$04$zYOFrhRSI19vrZ.RKUyijeXTMlyGcu7HoY1V9p/JfnExUucZJRJyK','2023-04-02 13:57:48','Amparo','Rolfson'),(41,'nhills','$2y$04$5h9QCYhI2Gj.q/XTKKg.buXSSm83piycEUxkWNeIQZCWNI.h.Lk2G','2023-04-02 13:58:19','Trisha','Ruecker'),(42,'gerhold.johnathan','$2y$04$R7LlVrp10n/q9mBCK0irkO0BTS91nkiyW6Z62l.n75R2HA3iUmbGu','2023-04-02 13:58:52','Camila','Kautzer'),(43,'toy.keon','$2y$04$zhhxL3eGwyZOmVv1iYZYEeTcJlqppzicaNgN8ng9jdKhBPVEF8Id2','2023-04-02 13:59:28','Abby','Langworth'),(44,'aubrey.wehner','$2y$04$SaZ/YZH.wkppQM9kNG76Se2hd5zN8BPDOocixgNBYhXQOFyqC58P.','2023-04-02 14:00:27','Erling','Gerhold'),(45,'kameron12','$2y$04$SvoPGQH9SwomcSotnpExteCZoxtNGPaygrUNOEAxl1n.UaB6O80Se','2023-04-02 14:07:58','Edgar','Mueller'),(46,'gerlach.thelma','$2y$04$TwlIImNzWz.lJIDJ1kr/EuoATqbfpErCrCuQlGxV.4p9FE9DuVOhq','2023-04-02 14:08:53','Russ','Cormier'),(47,'bconn','$2y$04$Ofk8DdyWfQ8lGgRNnN/SdupeXc36E/FXsPKv8s5sbVb2eDK0HifxC','2023-04-02 14:10:01','Louvenia','Wolff'),(48,'hammes.charlene','$2y$04$Nq/n0XHuPGiU6fx7ZK94ieDC1mTcGIw1JMTnUg.sUty0aAuWcCOvu','2023-04-02 14:10:32','Wava','Bernhard'),(49,'trever.sanford','$2y$04$GwrZCn/C4vi7Lg2fiSs/H.cyQrNnleEUfhuC.eX36dODBs8w9HTk2','2023-04-02 14:12:53','Bridget','Adams'),(50,'darien04','$2y$04$mC36zx81bBvYmgGOK4JxMObmu0NEVUnJxYsLTYhzv5FyOcs5W10kO','2023-04-02 14:13:14','Cecelia','Doyle'),(51,'carolyn.donnelly','$2y$04$jrVzcs5y9kLJoaTf.4b.teVypi/z23Fy2GUZbeX.V0A0YswlspaFm','2023-04-02 14:13:37','Laisha','Ortiz'),(52,'bartell.yadira','$2y$04$xw2aS5sN//AEAEN19tWztu8RYzbCiz.6Rl1COXctaWliQkZJNYS4W','2023-04-02 14:13:45','Sydnie','Cummerata'),(53,'toney.mayer','$2y$04$xrYDL.2Y1zQPE1KZEaZbxelfUtPdnl0mP7bq5kO1oCW/RF8SpjyPe','2023-04-02 14:28:12','Kariane','Robel'),(54,'vicente65','$2y$04$8LN9RgXrTZDnNLtSs6Bxr.5x47k1XygpbNc1ZBa2pDBUs3OlxfdOK','2023-04-02 14:31:58','Virgil','Stracke'),(55,'owisoky','$2y$04$sCw8hqG97bI1OT2St.8SuebLpv9wzn2tdUfYXigSjnMlMcfIOJJiK','2023-04-02 14:33:55','Lavon','Casper'),(56,'lorenzo.gusikowski','$2y$04$atI5p4w9wOqVUpBwDEp98eYmsSEA.OOmLYHN4CsTzzCX30TBMnnna','2023-04-02 14:34:53','Alf','Funk'),(57,'eve37','$2y$04$37OGQer5jmFFVQ9FU/wVL.8S.BCVA.4qU/QCzFTuXa2z2gxMJ37rm','2023-04-02 14:35:15','Antonio','O\'Kon'),(58,'gibson.roderick','$2y$04$IgQlLKWb3L.ZXB6P4Oe/Pe10Gxm1QpwoITda5EoaQVnYZjYf2i2fS','2023-04-02 14:35:39','Obie','Bradtke'),(59,'waelchi.noel','$2y$04$LHO8W9h4OFpV7P9rgXAHzemtv2ChlF85lL0A4asGGd.rHTEYI3mCu','2023-04-02 14:35:55','Mortimer','Wintheiser'),(60,'nsanford','$2y$04$sC2dNAyg4daLvFJwvQ2dY.v9bDboLYkou3rkV7UrNu0vKsn06alZG','2023-04-02 14:36:46','Harry','Ledner'),(61,'lindsay.konopelski','$2y$04$Q90zeJKm4MvES5ncG8oXZO7MgDb9N2LqZWmU/oadPL2EC.LrCZXxy','2023-04-02 14:37:43','Morton','Ruecker'),(62,'zrenner','$2y$04$muwabyNmYyKTGJM8bSB6cuDSwWSrAHMHZYke1qh1U1gw5zFX5UxtG','2023-04-02 14:38:11','Newell','Corkery'),(63,'leopold39','$2y$04$jcKW4lLVPq97WPgYiNaZF..j7rS3DUGxehxAomfYU4ZIuQTfZGp4W','2023-04-02 14:51:16','Erling','Hand'),(64,'peichmann','$2y$04$99HS67pqkFItbf1P4CIfheSr/s3lb1aZ1fsm71R9a2WMNd7ZnEzmW','2023-04-02 14:51:30','Aida','Corwin'),(65,'xhaag','$2y$04$vuB8DdZu.y8u.04whfgFzubtadPOJmYx4S9mK6gj2wXOQyv8GKDYq','2023-04-02 14:51:34','Caesar','Fay'),(66,'juanita28','$2y$04$G4KnJVL4FLc0Ps7QBdlnBuRxpg6XmVxFIHkuapepjfVx9182zIazG','2023-04-02 14:51:36','Trenton','Ernser'),(67,'bblock','$2y$04$iFaubVm1kaSQkhIVyRLMnOWt3/OJq7wI3feqttWEftdw.mpD9EB0G','2023-04-02 14:51:38','Sylvan','Lind'),(68,'lavern.marks','$2y$04$QRaxMrNQ/5Mh9e8AcZAhlOCWUB/mkCDY7ucd6s/tcwDyuubIFev5e','2023-04-02 14:51:39','Cindy','Hegmann'),(69,'marvin.abigayle','$2y$04$hwgWj1AWhkIaKnfxwucsRuHnfqjsrrE78ytgZabGi2P3qiYgNWHIG','2023-04-02 14:52:36','Lempi','Bradtke'),(70,'wwelch','$2y$04$TnbyDuv6.XoK/HxksBxbTujlVRqEZkzR3cEnxbinJ8Iyf/FdsPuUi','2023-04-02 14:59:27','Merl','Ledner'),(71,'laurine85','$2y$04$N5b10VlBdoksJUXUZ3JYX.Fs8YjjWK9WSeHDcz8HjmWCFE4vG2lK2','2023-04-02 15:00:22','Danielle','Friesen'),(72,'lavinia62','$2y$04$jtlL54zq4CKvI9L9CRxY2uwbFe66KMm1ZNOuzmR5hQe5QU84EcaSa','2023-04-02 15:00:48','Darwin','Cummerata'),(73,'bartoletti.sylvia','$2y$04$R/HrW.I/77BKaVu/xv7IluMwebiMB2qTJ.Pi6tDUZ45bD.nScSP/u','2023-04-02 16:50:38','Precious','Schimmel'),(74,'yasmeen.reilly','$2y$04$kZMjiKAg8y7fUg2SWq97AuKHmn2VeUsHLbPeaPWtCbQp/kOZ4f76.','2023-04-02 16:53:26','Lew','Fay'),(75,'deion.oconner','$2y$04$YSLq9GCxZWwZAC/2Fujqf.7PEF7qegM2cSIOWBGV6cwALq/0BJCla','2023-04-02 16:53:36','Sherman','Witting'),(76,'katharina.schmitt','$2y$04$.yi.cp.dGDyspDD5BmGj9enQmoTpmRbFVjiuQky2lr.qw9EqHQFIu','2023-04-02 16:53:41','Valerie','Gottlieb'),(77,'ogoldner','$2y$04$6f/G37O0Qtp.dYu2JeV7keogSvjYArN2NBnTwr7qyGpeH3dPZVfSG','2023-04-02 16:55:01','Mortimer','Schimmel'),(78,'wolf.liana','$2y$04$Tk.NDcRysb3aDLDigrE0jelKwmEIJsguvy2dwgE5MDUmPYTUVqdiO','2023-04-02 16:55:19','Dessie','Kertzmann'),(79,'rosalinda.macejkovic','$2y$04$p/q0TCC37MuqPWembl8OmuLon6TMwWcmWgPXRu5dwCRE7oB4MBT5O','2023-04-02 16:56:00','Roy','Heathcote'),(80,'ziemann.niko','$2y$04$xhimcWEbpjUdz9mmdy5xWuVo1JcguhsCfgOcOZLXZYd.uZPyyMQm2','2023-04-02 16:56:24','Aletha','Blanda'),(81,'bradtke.opal','$2y$04$LEzi.e0vXYDyoGRBhq3wdupINgdp.nqBPmfNarQt77DHFwDWjKMkG','2023-04-02 16:56:27','Camryn','Kerluke'),(82,'linnie.towne','$2y$04$4G3DjlZXF4sAZDKP69ifG.1GproVpl4clE6n30q5gc4HJbHQIBCuy','2023-04-02 16:56:52','Jada','Lind'),(83,'xwhite','$2y$04$Ny9u2Fb0Q.uWeNZ595svP.pMj/ens2oNKbPJtG.6aWSNBubio.Ohm','2023-04-02 16:56:54','Broderick','Batz'),(84,'zchristiansen','$2y$04$VTVnWLGtKTF0jfcOdttJp.6l.5i4dRys4YSnuFc.NKvitiA5ctkuK','2023-04-02 17:02:04','Lyda','Champlin'),(85,'karley66','$2y$04$eeM2e3OLleEfygr1.1JfKetMa9gncZhpfZ23dVux49qeEc8xUpwPu','2023-04-02 17:02:18','Tracy','Prosacco'),(86,'fannie.smitham','$2y$04$RweY7kiPtAel7UZ5Q1.sj./Mu93FSjaDxjY.Y9I84z6Y2MeGna8Uy','2023-04-02 17:02:19','Forest','Pagac'),(87,'mandy83','$2y$04$SrC..hbtfWMH4o/gnEOl3eaJyct0aqQ3vWf4FRAxlSHmAhTMafqZC','2023-04-02 17:02:20','Kellen','Rempel'),(88,'madelynn35','$2y$04$RaJISr4gLsa8OjVr5j1ic.iBwsc82Hlen2N/LswW0MUYQOSoHV0sO','2023-04-02 17:02:22','Marilie','Heaney'),(89,'brock72','$2y$04$kGjGdZ/yf7cddLmNIP3hgeLsyttOSHgAI2XEwOk1whHuzvTyElXGW','2023-04-02 17:02:32','Wava','Bosco'),(90,'eklein','$2y$04$RaoWKV2z1BvypOlnIDBCw.6peEMoPsDIUep.BYgcoAx5MMjjgFohK','2023-04-02 17:23:34','Imani','Considine'),(91,'hudson.marquardt','$2y$04$t9qwizFlT6f9IvzcXt9pye8YA5pWrylvIECSfPPbkI2fEByR2Vgsy','2023-04-02 17:24:27','Aiyana','Yost'),(92,'easton56','$2y$04$CZmVQAQbjBN0eF67fHn4wu4tj48xHgrtvJKFfIeGssN9sV4E6OiTC','2023-04-02 17:24:54','Blair','Stark'),(93,'bwunsch','$2y$04$YnzA8JvDEcKvxdjQQ2eueui5rbogxCpKxXCiCzjWw18q1LFlrxoHm','2023-04-02 17:25:55','Willy','Jacobi'),(94,'vkrajcik','$2y$04$KlXes40LYnwPZaFpT9A1M.GF5wYBVGGBmnebqVn73OVaTOMA4t0zO','2023-04-02 17:32:15','Lisa','Schuster'),(95,'jaden.romaguera','$2y$04$1dSDdjh8nVWEp.1qT/ah2eq3oM/WnYwhphtu63NHhBmN96/VH6LV.','2023-04-02 17:33:31','Antonia','Tillman'),(96,'madeline42','$2y$04$wMc6hTFXu7bsITl0Ax.5vOQCUMiR3qH10IlBvVyuMbtDmAlDGpktG','2023-04-02 17:35:39','Loraine','Pfannerstill'),(97,'mckenna.upton','$2y$04$lQxTtqUe6bjoxIryW0mWPuwwkNrJLARaAChK6eoxnXyXCnFX60QOO','2023-04-02 17:36:16','Helene','Stiedemann'),(98,'pfannerstill.sophie','$2y$04$bTpZmmzotJ93Uo7a0spTgupA5Fiqlc9SMJpNEyMwvgAEc2X6cpMnu','2023-04-02 17:36:53','Zaria','Dooley'),(99,'cristina37','$2y$04$3b1uVH1ATz4BljgIP5zuHOZ0teguH0Q4hWexx0kNd9IMaw0cp33ZG','2023-04-02 17:38:54','Ferne','Volkman'),(100,'bosco.jerome','$2y$04$lHoAc4EQXCCtivXqXHGq.O.eLkvMsVLaD6vcxlngiQaS07r.hVWzS','2023-04-02 17:39:52','Ariane','Rodriguez'),(101,'osvaldo.lakin','$2y$04$qOGh6i4S5EY4pwec7a4NReqgSlCZDpTet1KwGyGM8sXPWK1qE4daK','2023-04-02 17:40:51','Loren','Larkin'),(102,'simonis.marguerite','$2y$04$wfuf8RlRXfHFr5kuDmMC.u9RZVgE4.z8JYf0TLary08LSBAtQZjJ6','2023-04-02 17:41:26','Ettie','Dietrich'),(103,'armando.pfannerstill','$2y$04$3wneRsb7cic1ouFG2NUitOreyiTdY5T0BT9.VZgg.c4Wt1PAHrFZu','2023-04-02 17:41:31','Trycia','Haley'),(104,'lynch.krystina','$2y$04$lxS8GM/jVZnDe8Fb6i8NDuCASbpWpgAMTJkbMpiyTVQjVka6s1vQW','2023-04-02 17:42:11','Earline','Feest'),(105,'damian96','$2y$04$po9ZFIBDWQ9TmHErKrzzH.DTj637Qtb.ec.uKWpnru6qzcEjIEAqq','2023-04-02 17:43:08','Marcelle','Cole'),(106,'watsica.kraig','$2y$04$GdAj.lAQZYkVffPTJLAVleEEqsio3GWBs30yZ02M6ZdFFuLFkJUoG','2023-04-02 17:43:31','Landen','Gusikowski'),(107,'liliana60','$2y$04$4bq6WFPpZsSUvkiRmgJ7ru.YdQwlrdan2qvQ6Klb9WjVsik4Ly3tS','2023-04-02 17:44:03','Nora','Waelchi'),(108,'schaden.tanya','$2y$04$UGxNo7S79kOkVxYlstiiXus.nSL8QISOQiHvky/KNcGaaeZHpTsBC','2023-04-02 17:45:17','Sebastian','Beier'),(109,'camron11','$2y$04$AgxtHX3IKKmUVnFv80TGZ.IoGtbPtzMMIdiF.MPSLkpSdEThYzCbu','2023-04-02 17:45:41','Augusta','Cronin'),(110,'victor.boyle','$2y$04$dnTNDGx..3htHNTKPtQE4uaqp.rWRTb.sdK8DfZSEBtVn1Y/5IjLK','2023-04-02 17:49:13','Fae','Rowe'),(111,'schinner.maddison','$2y$04$DSZvq3tJwzLNe/we3fdDrO3VhdI.zo5ugvaR6J.RlyMbZndQDb53a','2023-04-02 17:49:31','Antonette','Lubowitz'),(112,'micah.borer','$2y$04$NZ8dfzVYhZbsKXmxTVzeteoY2.NrKirJ0K4Rj7axwYbd3xt818Z96','2023-04-02 17:49:40','Therese','Weber'),(113,'bahringer.layla','$2y$04$pbVr4LSqUru3lSiFwprIXOTpugA77dFsht2HxFbqSJS3qPU8rmzva','2023-04-02 17:50:01','Louie','Koelpin'),(114,'gkoelpin','$2y$04$gB8A/qxJ/bq42ETavcuXrOjIGDxT6uTJiEvJ57sGWCqWMtG0khBJ6','2023-04-02 17:50:18','Cassandre','Jacobs'),(115,'jewell12','$2y$04$DLNBTdeWyuRlRCMKY4PUYuwY0JEDJt3.Ez6G4w4xbvD8wKGXIifMm','2023-04-02 17:50:48','Ozella','Lebsack'),(116,'shayne67','$2y$04$3uYaWqbE7UnHINZQjJStqeSkKLb8Tarnp6wHymcpS8gF3gN6Ttwn2','2023-04-02 17:51:27','Agnes','Wiza'),(117,'stanton.nolan','$2y$04$EVDxsYkHRGfwxErr4B.q1O6ov0LGHvXHnC8DC3po6tJL1nX/eevzG','2023-04-02 17:52:19','Keith','Koss'),(118,'alda71','$2y$04$6vQWYICOehIMvemhiRH3POVvsxlrY55zb.05pH7hm8zlQHr3O/Z3i','2023-04-02 17:53:46','Macey','Daugherty'),(119,'upton.leland','$2y$04$BBwcQHYDj9U0m8b4xuBYEOncNCMHvVTDK8CEdytGDWQs2P8HUoh8a','2023-04-02 17:55:11','Trevion','Robel'),(120,'nabbott','$2y$04$3ZdS4TLRLBfVngJr7LNpUuQoK4YUhip3LxhgFz79nQefmmZFYioV2','2023-04-02 17:55:32','Guy','Cronin'),(121,'deron06','$2y$04$UxCBKDqEBR8o0bi7zZO3f.LPDb/Xpq4tkEcO25ehL9aSs2Wei/LeC','2023-04-02 17:55:53','Elmer','Koch'),(122,'eherzog','$2y$04$T7sR1uspfNPuxCBCgiLkjO14jZoGyiMMF1lwV4MOAWY3yOIzZZ/Ke','2023-04-02 17:56:06','Kenny','Rath'),(123,'cornelius36','$2y$04$mB0xwahLVoHhKCqrdlIKcuRZL4hhoFrdwDxO9dB06tRO/QL77yCvm','2023-04-02 17:57:59','Kory','Tillman'),(124,'urban93','$2y$04$CkiVc6r7QdFmlhdvKQyos.gmtLDAAECbQYshbdKVd7NS2D7xqZBSe','2023-04-02 17:58:23','Cassandre','Berge'),(125,'uboyle','$2y$04$lEq0rNiS6b1/CH4gmc0vaeNxaAfnEUPS//3j4p6/wUGmet13yv9Z2','2023-04-02 17:58:41','Malika','Shields'),(126,'laurel.hagenes','$2y$04$hLBWJcBr2SC6rlSZd6o9eeChrZGwthtfXz66ukSGurA2/yI9HmLvi','2023-04-02 17:59:10','Mortimer','Zulauf'),(127,'kpadberg','$2y$04$UJylbn7P9IeLun9dKRQ90.PJ9Lbm3AHY8eLmsmTflYdvrLxb11TFi','2023-04-02 17:59:36','Garrett','Reichel'),(128,'treva.rutherford','$2y$04$MR1epkCkPIk9XT438D2VwOV79O8kBSrb/gUq5Jd1n.R8GDk8Q62Iy','2023-04-02 17:59:46','Maritza','Jakubowski'),(129,'gayle.hirthe','$2y$04$ZSkMfCaNxdzMtrm/G1GaR.8vJt3glfsRfWTN3AJvlx0J8c5MGjCdO','2023-04-02 18:00:09','Coy','Lowe'),(130,'kiera01','$2y$04$Mce28SuelRN/qyGWAJAyvemSFdAjbwxZjPYUGUAIO2jKn0w3VOK3G','2023-04-02 18:00:21','Ernie','Feil'),(131,'domenico.feeney','$2y$04$fcE3e2xV0XAAtbvVZ7bd.OjeXdg/XeOHlS3LDpgQlWFNZ6JPMXkQa','2023-04-02 18:01:07','Esta','Lindgren'),(132,'zoey.sanford','$2y$04$7NA6nN2pP5fZa80/hSoOyuwiD/i3/hJq5fEZGrn552xKjougpX1Py','2023-04-02 18:01:35','Lorenz','Johns'),(133,'schmitt.joy','$2y$04$EBKELvs49YbXcPN3R29.6eCMq8HWawiURn7c2/QZaWvWe2PxtlBWu','2023-04-02 18:01:48','Noel','Bednar'),(134,'egaylord','$2y$04$cbMwYbqctJHlFEUI92gbvOaYsOHmwmdJurOOhLGH6aQYng9I9O/Y.','2023-04-02 18:02:01','Caleb','Ondricka'),(135,'durgan.brenna','$2y$04$8WKZ5tDMB3h73qJaTXZcyO/GXK3IL/QCmpPv5NnvC/oCRxUfDnY36','2023-04-02 18:02:52','Kareem','Mayert'),(136,'loma.barrows','$2y$04$m84Op6yukFh1WF0N7EslH.FIqPIKpfZmPUnEbTyVoeoQ603P911kq','2023-04-02 18:03:09','Shawna','Rippin'),(137,'htillman','$2y$04$B0cgF6kfnUy.YVkmEC2igOMVdNcrGtjy1MGLnsR5d5ZLHTVsHBR9e','2023-04-02 18:03:59','Mallory','Powlowski'),(138,'tremblay.emilie','$2y$04$UGDEuDe46jSD98lrf0bQrevFF5LO4K7P8ZkJ8Ni6x1FBl69WBWLIG','2023-04-02 18:04:21','Zola','Frami'),(139,'gerry.thiel','$2y$04$1dd2YP9KZ28t0KMgcOcxHeA05ns3dChbxUCO50zQw7P6ul9F3XOLC','2023-04-02 18:06:40','Ewald','Hudson'),(140,'rubie.daniel','$2y$04$T6mfKmhtoeAdBdLWsrzYXe5Xe3alb9HOoFp7i6efqo/0kDxNPb.vm','2023-04-02 18:07:24','April','Rosenbaum'),(141,'merritt.jacobson','$2y$04$LmVmad7Hr32BrMdlIePGEuqbU0tuarzoeqX.47k4ngK5uQ6oY.iki','2023-04-02 18:09:03','Kelton','Durgan'),(142,'stark.daisha','$2y$04$YG8yh9Rhx7qehcaECFXtt.ZqQSk2Caig8q7A.pTLOdNRjO9oMs40G','2023-04-02 18:10:07','Kasandra','Sawayn'),(143,'jevon.shanahan','$2y$04$MnlMdjpGoU8tmSiWwNd4cOZMXBEoX7DLM2KnlepYq4W4lF43mZSv6','2023-04-02 18:10:28','Jamison','Ernser'),(144,'jkirlin','$2y$04$Xu61HH32JN0h6ns0VKw/c.44NH/Jyhtjj/o6aio6P0DeFSmkj4jQu','2023-04-02 18:10:41','Leslie','Friesen'),(145,'ullrich.jamel','$2y$04$fkc8Ij6BPOjSHKHwJqc3Eu.J1RLubgnzBWi3BVC1d6vOC7FkBg8bq','2023-04-02 18:10:55','Gardner','Schultz'),(146,'sjerde','$2y$04$oVXeoc7VHsqD7K/gorozPOhQL6XTqngb6LnQ1EjrAPqIggzFx0942','2023-04-02 18:11:14','Cynthia','Davis'),(147,'gregg06','$2y$04$cSTWZN/TQ8hWhXhrTb7uwOlNn78s2cEN8K4HSNRP6.MxwaYQi9Zk6','2023-04-02 18:11:26','Augusta','Doyle'),(148,'jett00','$2y$04$0KMWWxJXe6/tMJEcOxXeEeF2oLAg0W1rPTe/mjhyeO0iyYr3qBRNi','2023-04-02 18:11:34','Carson','Beatty'),(149,'shaylee51','$2y$04$tWFUxl6nxALJyVtodoIfOu.UYWQB5Nym73yuh94cGK1pi.lxD12fm','2023-04-02 18:12:00','Elmore','Homenick'),(150,'karelle.cole','$2y$04$yxazOeDhGXI1FoYtbp3OfOOpsf54zRleogjZizibM0uS9FoRvKqxa','2023-04-02 18:12:26','Kaycee','Wehner'),(151,'josie.okeefe','$2y$04$wFivZVX5tLREYFTCGeb49.JZW2JwfPvKmWgJXLRUN.AXwsHrjs68G','2023-04-02 18:12:43','Renee','Crooks'),(152,'renner.vernice','$2y$04$oTVVgot5gUz92f6u2uZKzuqXq3JnooqHYONIkIrd8S.jBJXzb6i4S','2023-04-02 18:13:03','Shakira','Jenkins'),(153,'velma.jaskolski','$2y$04$daMrNSryulIdVg7lVhWBee.Y6taFhY1rZJBN6116vHipoUrn4tYu.','2023-04-02 18:13:08','Clint','Sauer'),(154,'murray.celestino','$2y$04$6BYDaa.xpWzl23ZwFfp6R.TlWlGfBUxR8BV7p.e26ZZt1zX2jETry','2023-04-02 18:13:43','Reina','Renner'),(155,'dino54','$2y$04$0P/yScLAZG6RvyzpOI6FSukiAwRmvUef3R7DN6rBos8D3bJtEXrki','2023-04-02 18:13:55','Audreanne','Walsh'),(156,'feest.arne','$2y$04$18aJrBSbjL3.MjsRE/DDHuu4gsDMVnfk3zgRh9hOZJN45rnAkexTu','2023-04-02 18:14:27','Ines','Harvey'),(157,'kgislason','$2y$04$ditwLRg.LqRVaEaWVv91yuuXAjsGaBex7LgOwQ.LAFPHx.7z51DfG','2023-04-02 18:14:40','Gabriella','Wilderman'),(158,'hermann.virginia','$2y$04$oRoFN3ZOOFTwxtukrJIXYurRDI5Y/Hl5.rXzrCwugoJjo.Iptvrce','2023-04-02 18:15:03','Kiarra','Schaden'),(159,'vrempel','$2y$04$23x0bS9txIKlGvkiaAav2u4lnEvMyMKTtEYeKZfDBnHA7Xl99otW.','2023-04-02 18:15:18','Cordia','Dietrich'),(160,'amitchell','$2y$04$6BI7bLxX6DEYodgUGzcneOikxqUcP7yT3El5eS1HUpkRCUprtPi8a','2023-04-02 18:15:20','Amara','Gottlieb'),(161,'ada81','$2y$04$wNewJk922al0TTeW6SU/hOrXXA47diqiw6byHXDl1tNWyYM2oMIF2','2023-04-02 18:15:21','Erica','Daugherty'),(162,'david80','$2y$04$jDr0MIb7KgUtnvncl7OVQ.pFPt5qEMPpOvWTBHs/dZkzIoNpJ4UPC','2023-04-02 18:15:39','Laney','Baumbach'),(163,'jake.koch','$2y$04$uzP2ZK8429SJ.Tq3NKFgHuHKxXwR5g.fJEl6BRrv8KABMOW/zazra','2023-04-02 18:15:41','Albert','Effertz'),(164,'ciara.marquardt','$2y$04$ffLqHrJ2IMTkrl9V7mKo0etv88QHtRRNDM1MA2HsvlxBqbMPltTqu','2023-04-02 18:15:44','Vernon','Gleichner'),(165,'feeney.kamryn','$2y$04$w7EG5UD4gL8IdQ3z2TAOi.i2MYydDtYv4qcHZBRk40kEf8ukr02ne','2023-04-02 18:15:46','Lera','Zboncak'),(166,'damien.schulist','$2y$04$m7KzOvXMl0rmV1glbwRpiOGZP/z/WNM15EWxWgOBfrXwzQK.FLoka','2023-04-02 18:15:49','Deanna','Graham'),(167,'allen.littel','$2y$04$QIAOtZxwfNjIOM2fLn8mEuB7LAF.lKaHlRNp.6FBDsI3nuzLMqS32','2023-04-02 18:16:18','Dina','Durgan'),(168,'mariah00','$2y$04$X4pfrTIAnTz5CcgMv1GNB.wupeEVi9h9OhLOl1AvR6u5dmGXCZWVC','2023-04-02 18:16:21','Marley','Steuber'),(169,'hackett.kayla','$2y$04$Kb3//uyc1/UaapIHb.EXkeQxb1SJWTWS64TICm0R0dpJILbKSk2rO','2023-04-02 18:16:50','Julien','Rogahn'),(170,'prosacco.seth','$2y$04$ODW7pnRr7K0YzgvwBrsETuidxLEsZlNU0OAn1q5yyoy6YLkpqGdM2','2023-04-02 18:17:19','Delbert','Bruen'),(171,'dhaag','$2y$04$TPr9qHJPQTkcNF65PNLf3.eKQS8RH6j2aMgZm9UMwOIrPcpz8k8qa','2023-04-02 18:17:22','Rigoberto','Watsica'),(172,'dewayne.williamson','$2y$04$b8bLdPa.id6/3OFI9W6BM.fEYTtDsUrfdAMMC0qC9v8y44mg4n9Fa','2023-04-02 18:18:44','Eldon','Schroeder'),(173,'bergstrom.taylor','$2y$04$6AP1wX1j6/NfUajY0aff7e3DZUm7x.AxDQKUgMbP1J8idneAx9QP.','2023-04-02 18:19:35','Florine','Bruen'),(174,'vpacocha','$2y$04$sQ9H3rXvqSxrfDtUbfpi9uNpr.V4z08G0EJihcOmjBUzAaBIpmURy','2023-04-02 18:20:55','Jaycee','Parker'),(175,'doyle.althea','$2y$04$xZ3tFc8kPJq8vCA7oNp/g.LjbgAf6Zkya5wJqfGbMJSU72gEFjIfy','2023-04-02 18:21:03','Sheldon','Bogan'),(176,'jena.pouros','$2y$04$89TnGYdaFtLJ9zh/CM5ia.yjQFTzvyQi.s4P7hc/EklSzHNHBPI4q','2023-04-02 18:21:09','Domingo','Kreiger'),(177,'sawayn.marta','$2y$04$stA3hOtL6UYOOYAZelno7O/rdaBi1umV9RMg2IMjdCdnZR4okukGC','2023-04-02 18:21:17','Annalise','Feeney'),(178,'miguel96','$2y$04$f0TS.qn1R70DWn/mejl7dOxWz3AHG0ZGvmVRRkgt1Q6P4GMaPomQS','2023-04-02 18:21:20','Wilson','Hermann'),(179,'rudolph74','$2y$04$XpU.VxqGoPC.9h7sGcxNHuNnZXxbjqbDbMilElcd0J9ep7ZfIv2QW','2023-04-02 18:21:23','Hanna','Ryan'),(180,'bgutmann','$2y$04$Db7T3N3YOAj/InY9Jt4eBeC6v5zruuQHtDvxS8/E7AK01kR00.YKW','2023-04-02 18:21:25','Kole','Russel'),(181,'xgleichner','$2y$04$EAaY3vOBrmFo844MV8ajPuguBurjaQUiFnxD.arqCc5jk0JRRWff.','2023-04-02 18:21:51','Otho','Schowalter'),(182,'vandervort.erwin','$2y$04$5ycVIqUnWbwUZtlWLh91BOwxjdwxNkhqTIL7SpuIew3XnZFhtcOte','2023-04-02 18:21:53','Rozella','Sauer'),(183,'sdickens','$2y$04$LUAJc1NnRyOCyUUNkW7oOuMnwX.rtgVtCbt..JVCJqxzDzMNZeKcy','2023-04-02 18:23:02','Filomena','Pfeffer'),(184,'alvah06','$2y$04$YiWvxYAUmL6Xb.3wpQhUJumL.v5fmCqu/6v5VTiChhmYRhKPdsiKO','2023-04-02 18:23:06','Nyah','Dickinson'),(185,'xflatley','$2y$04$GZTZuIg5o2c/pPF3K82TauIWeNzpE.SCtbMJuqgkjvkp1RakhI3QC','2023-04-02 18:23:08','Annabelle','Strosin'),(186,'reynolds.priscilla','$2y$04$x0GLU8NkL59xa.eEKkjdCuG5oaejX2bttUjXfmu8EsKQDi/dn9gH2','2023-04-02 18:31:09','Geo','Greenfelder'),(187,'rogelio13','$2y$04$x9QyTLuHDWZb1CycuoZB..RdV2MJGZQ575Q.qiA5EgCq3HFgRUaM6','2023-04-02 18:35:48','Adalberto','Abbott'),(188,'ihyatt','$2y$04$w6eH0YgnQwy4piOOYoKLaOxq46Cp0ZZZTGyv3XJwPVUzGKYNvlq4W','2023-04-02 18:36:16','Ludwig','Flatley'),(189,'fprice','$2y$04$M4fyasBNrazZoip5Qhdd2eh622P10P/l.CptVwcn1MAs6e5o.Ds7G','2023-04-02 18:39:20','Rudy','Haag'),(190,'tierra25','$2y$04$udJHqMFmcb58ncbjdxKBs.ZhyfjtJc3hsRvVTFtErmwR1Dygk8GSi','2023-04-02 18:40:26','Norris','Schaden'),(191,'zcartwright','$2y$04$gBV7cTbI5twWwFXmjzmrN.7LxU812zwQqX.cdqjD5muXZFxaI0nGO','2023-04-02 18:40:31','Claude','Wisoky'),(192,'rosemary.brakus','$2y$04$oWS6RaI8XmW0oCFRy.PYrO.Gz2AmC3afVXQfLLAkbfiFGAWxvnrIi','2023-04-02 18:41:15','Magali','Schimmel'),(193,'metz.darien','$2y$04$K2NTuqCzRQZFaU/qPWcaPexet6Ea7NpIA6pt3mOrSPBRHBtIh/356','2023-04-02 18:41:47','Ara','Gutkowski'),(194,'laurianne95','$2y$04$SM4w7VovZBZnj8CD21jT1eCEg85HnfI7.cwp3QPRP0fQe86GRQdKy','2023-04-02 18:43:58','Jannie','Thompson'),(195,'jaquelin65','$2y$04$KVvKfGW/ZJb03LilBlJ48em8L8.KN6byB3iUylGyLvZVpBDxVBSmW','2023-04-02 18:44:04','Betsy','Wuckert'),(196,'von.annalise','$2y$04$y0OkCZlj/C7aG/B/VDzn5u83PgxhfLOHfw8rU6JKy/FFQmV8is7dW','2023-04-02 18:44:16','Dee','Ebert'),(197,'hpacocha','$2y$04$bS7hNESM9hn.TG4sE4kxouM4KCLm2PwgeEfhn7lK4hsdbJWrlgGf.','2023-04-02 18:44:18','Sylvan','Stehr'),(198,'harvey.carmel','$2y$04$pyuOSTpfPRSdJJ773F1Xg.Rzefy5nwzpO.Y.OzL9j9xDucjesVe.a','2023-04-02 18:45:11','Clement','Adams'),(199,'deven06','$2y$04$3l8L0SZXaPCcRc78vnLJk.EjwlYcnVXhRNT7vRiYT00de9O4L4m56','2023-04-02 18:45:12','Athena','Powlowski'),(200,'alysson.blanda','$2y$04$isV7g.7v1IYyCQpQD3TxfeKPPU8GRLxul/bKu41D9U2RRlv7zXq9y','2023-04-02 18:45:14','Macey','Parisian'),(201,'lesley79','$2y$04$qUYGXFU6PMBWiTW5ZeT5vO7Aus1aNnycwkh0RJiRasyU9dlSrq.M6','2023-04-02 18:45:15','Selina','Zieme'),(202,'rgleason','$2y$04$4JHgTMlnHMk5fBBlSLnJyO.Xv13CtEV8Xq.D7LQ71aDT6MXYWgEkG','2023-04-02 18:47:13','Verlie','Stanton'),(203,'dustin80','$2y$04$Uo2unIX3GFXAzhNR3CLdMO49DtsrcF6t2aZSvNDX4Jkn.hGKfgMhy','2023-04-02 18:47:15','Annamae','O\'Connell'),(204,'dschuppe','$2y$04$wwyvu35o08hpgq34.E6Xb.G79JMDz5j8z1Va2Nf5o4RZ2GBAMMAee','2023-04-02 19:47:36','Aurelie','Hagenes'),(205,'shermann','$2y$04$Z7HRBoI2pe5VJYxCAPf/IuUFXg57xEW3gu//axNby8Iu28ZZVXW8K','2023-04-02 19:48:05','Tess','Stanton'),(206,'roxanne37','$2y$04$0ek6B0rAV8r1hap.heJe2OIWPO.Kdi/KofypKUq41FLOJWxP3D6Dm','2023-04-02 19:48:21','Darrion','Erdman'),(207,'rosalyn.lockman','$2y$04$PzmvuLQVcJOsrdntotR9feATXZ1V0bCCCUWx3EWRn3Fpn9l9wGWVS','2023-04-02 19:48:34','Kylee','Bergnaum'),(208,'aniyah.feil','$2y$04$srdfCGSOnHHDriyf93OBleDiw5XmGtPY4MYiBRCJAdrgpmEBwgYjO','2023-04-02 19:49:32','Icie','Dooley'),(209,'fyundt','$2y$04$8ksr9Siyxit8kCSCCWMnqe8UlJFqfh4VKcjCVEkezNILMaMR3sUVG','2023-04-02 19:50:41','Daija','Rowe'),(210,'gretchen.damore','$2y$04$PS1ttbX9SIg92av0X2lk6ufWGGT9/BTPo/LOxnduid6gr57e4.LTW','2023-04-02 19:50:44','Marc','Huels'),(211,'wsawayn','$2y$04$l9jvaq0lvztHUkXQs.rW3esrVMmhPhcfx1lm1wFxsIIDExvaAEKWC','2023-04-02 19:50:46','Maureen','Nicolas'),(212,'wkoepp','$2y$04$3QArZS3/Wqg2KCw4V91pVeJgLDdbshsfmNPHaiG8DcdbGg27mxU9u','2023-04-02 19:50:47','Elinor','Schumm'),(213,'vsauer','$2y$04$YUJPIr8Wi5s4CKJ7XEj9y.5DwzKJeWwjlw2xU/9NR9ABC3DOvA.6G','2023-04-02 19:50:50','Reese','Gusikowski'),(214,'ifeeney','$2y$04$1udZW9u8GRBPWjYRxfWySOpZN58uv8X.qxdLiuHqaw2ixA0VRgoZm','2023-04-02 19:52:22','Libby','Waelchi'),(215,'ally.bartell','$2y$04$SANo46wLtQcO/KOKOYOG.OBhcu9OImU22ik34/o6zLSprT4rsE0cO','2023-04-02 19:53:00','Allie','Reynolds'),(216,'pamela.hoppe','$2y$04$tYAiW6ZxQfqXPgNjusvZc.EkdifIgYUoe/Dpd530M9pAQmP/pNhDe','2023-04-02 19:54:12','Hettie','Morar'),(217,'dora12','$2y$04$6AdMZlD8elTiYi.jKN3/9u3c0mo73dcaKMsCWh22/MaDs5B3EYtC.','2023-04-02 19:54:14','Jazmyne','Walsh'),(218,'jeanie68','$2y$04$qIdTTuX1tz.B4FpFssnDguRnziguMJlPSLD4Gmodrx5AN39e2h2Si','2023-04-02 19:54:16','Cathy','Haag'),(219,'clay.brekke','$2y$04$DNz7.YkeW2jysJm5pQ8DpOL9vNToj9i5MSwoT.55FE0LcJAhxvCW2','2023-04-02 20:01:51','Ian','Treutel'),(220,'nikolaus.katherine','$2y$04$Y8M8gSJk.yJ0vuM6FqWdieakx/nkBQtBA1IgJoMoQcQy7AxvilQuO','2023-04-02 20:01:53','Brice','Sipes'),(221,'shields.kirsten','$2y$04$hrNYVCeUnYppjSbou7/i4.pioQT4luSqkcTmAz20uComKIhxia/gy','2023-04-02 20:01:55','Bette','Friesen'),(222,'caterina36','$2y$04$xAKDOHtrz.pOc7MHZDZgLek2lozGzaWDzj5mJ6VXY8z2Q24OLv61q','2023-04-02 20:01:58','Lauriane','Walsh');
/*!40000 ALTER TABLE `client` ENABLE KEYS */;
UNLOCK TABLES;

--
-- Table structure for table `project`
--

DROP TABLE IF EXISTS `project`;
/*!40101 SET @saved_cs_client     = @@character_set_client */;
/*!50503 SET character_set_client = utf8mb4 */;
CREATE TABLE `project` (
  `id` int NOT NULL AUTO_INCREMENT,
  `creator_id` int NOT NULL,
  `vico_id` int DEFAULT NULL,
  `created` datetime NOT NULL,
  `title` varchar(255) CHARACTER SET utf8mb4 COLLATE utf8mb4_unicode_ci NOT NULL,
  PRIMARY KEY (`id`),
  KEY `IDX_2FB3D0EE19F89217` (`vico_id`),
  KEY `creator_idx` (`creator_id`),
  KEY `created_idx` (`created`),
  CONSTRAINT `FK_2FB3D0EE19F89217` FOREIGN KEY (`vico_id`) REFERENCES `vico` (`id`),
  CONSTRAINT `FK_2FB3D0EE61220EA6` FOREIGN KEY (`creator_id`) REFERENCES `client` (`id`)
) ENGINE=InnoDB AUTO_INCREMENT=153 DEFAULT CHARSET=utf8mb4 COLLATE=utf8mb4_unicode_ci;
/*!40101 SET character_set_client = @saved_cs_client */;

--
-- Dumping data for table `project`
--

LOCK TABLES `project` WRITE;
/*!40000 ALTER TABLE `project` DISABLE KEYS */;
INSERT INTO `project` VALUES (1,1,1,'2018-02-21 12:00:00','test'),(2,2,1,'2023-03-30 17:03:48','new test'),(3,2,NULL,'2023-03-30 17:04:03','new test'),(4,2,NULL,'2023-03-30 17:14:05','new test'),(5,2,NULL,'2023-03-30 17:14:36','new test'),(6,2,NULL,'2023-03-30 22:51:33','new test'),(7,2,5,'2023-04-02 14:36:47','Ms.'),(8,1,4,'2023-04-02 14:37:44','Mr.'),(9,2,4,'2023-04-02 14:38:11','Mr.'),(10,1,6,'2023-04-02 14:51:30','Ms.'),(11,1,4,'2023-04-02 14:51:34','Ms.'),(12,4,1,'2023-04-02 14:51:36','Mr.'),(13,2,7,'2023-04-02 14:51:38','Prof.'),(14,4,1,'2023-04-02 14:52:36','Prof.'),(15,1,6,'2023-04-02 14:59:27','Mr.'),(16,2,3,'2023-04-02 15:00:23','Prof.'),(17,4,1,'2023-04-02 15:00:48','Ms.'),(18,2,NULL,'2023-04-02 16:50:38','Dr.'),(19,9,4,'2023-04-02 17:02:32','Prof.'),(20,9,8,'2023-04-02 17:23:34','Dr.'),(21,2,1,'2023-04-02 17:24:27','Dr.'),(22,9,4,'2023-04-02 17:24:54','Prof.'),(23,9,3,'2023-04-02 17:25:55','Dr.'),(24,4,1,'2023-04-02 17:32:15','Ms.'),(25,9,7,'2023-04-02 17:33:32','Mr.'),(26,9,2,'2023-04-02 17:35:39','Prof.'),(27,11,9,'2023-04-02 17:36:16','Dr.'),(28,4,5,'2023-04-02 17:36:54','Mr.'),(29,2,7,'2023-04-02 17:38:54','Dr.'),(30,1,6,'2023-04-02 17:39:52','Dr.'),(31,4,7,'2023-04-02 17:40:52','Prof.'),(32,9,2,'2023-04-02 17:41:26','Dr.'),(33,9,7,'2023-04-02 17:41:32','Dr.'),(34,2,4,'2023-04-02 17:42:11','Prof.'),(35,1,6,'2023-04-02 17:43:08','Dr.'),(36,9,6,'2023-04-02 17:43:31','Prof.'),(37,9,9,'2023-04-02 17:44:03','Dr.'),(38,2,7,'2023-04-02 17:45:17','Miss'),(39,2,8,'2023-04-02 17:45:41','Prof.'),(40,2,5,'2023-04-02 17:49:14','Mr.'),(41,2,2,'2023-04-02 17:49:32','Mr.'),(42,9,8,'2023-04-02 17:49:41','Prof.'),(43,11,2,'2023-04-02 17:50:02','Prof.'),(44,9,7,'2023-04-02 17:50:18','Prof.'),(45,11,1,'2023-04-02 17:50:48','Dr.'),(46,9,3,'2023-04-02 17:51:27','Ms.'),(47,4,5,'2023-04-02 17:52:19','Dr.'),(48,2,2,'2023-04-02 17:53:46','Mr.'),(49,1,5,'2023-04-02 17:55:12','Mr.'),(50,9,8,'2023-04-02 17:55:33','Prof.'),(51,4,4,'2023-04-02 17:55:54','Miss'),(52,9,8,'2023-04-02 17:56:06','Dr.'),(53,4,8,'2023-04-02 17:57:59','Dr.'),(54,1,5,'2023-04-02 17:58:23','Mr.'),(55,1,2,'2023-04-02 17:58:41','Mr.'),(56,1,2,'2023-04-02 17:59:11','Dr.'),(57,4,8,'2023-04-02 17:59:36','Prof.'),(58,1,9,'2023-04-02 17:59:46','Dr.'),(59,11,9,'2023-04-02 18:00:09','Prof.'),(60,1,4,'2023-04-02 18:00:22','Prof.'),(61,1,2,'2023-04-02 18:01:07','Mr.'),(62,1,8,'2023-04-02 18:01:35','Dr.'),(63,4,5,'2023-04-02 18:01:48','Prof.'),(64,1,6,'2023-04-02 18:02:01','Prof.'),(65,9,3,'2023-04-02 18:02:52','Mrs.'),(66,2,6,'2023-04-02 18:03:10','Dr.'),(67,11,5,'2023-04-02 18:03:59','Prof.'),(68,4,7,'2023-04-02 18:04:21','Prof.'),(69,11,4,'2023-04-02 18:06:41','Dr.'),(70,4,6,'2023-04-02 18:07:24','Dr.'),(71,1,7,'2023-04-02 18:09:03','Ms.'),(72,11,3,'2023-04-02 18:10:07','Dr.'),(73,2,8,'2023-04-02 18:10:28','Mr.'),(74,4,6,'2023-04-02 18:10:41','Prof.'),(75,4,2,'2023-04-02 18:10:55','Ms.'),(76,11,3,'2023-04-02 18:11:14','Mr.'),(77,1,1,'2023-04-02 18:11:26','Ms.'),(78,1,2,'2023-04-02 18:11:34','Miss'),(79,11,2,'2023-04-02 18:12:00','Dr.'),(80,4,3,'2023-04-02 18:12:26','Ms.'),(81,4,2,'2023-04-02 18:12:43','Mrs.'),(82,9,7,'2023-04-02 18:13:04','Dr.'),(83,4,3,'2023-04-02 18:13:08','Mr.'),(84,11,6,'2023-04-02 18:13:43','Mr.'),(85,9,9,'2023-04-02 18:13:55','Prof.'),(86,9,6,'2023-04-02 18:14:27','Dr.'),(87,11,6,'2023-04-02 18:14:40','Mr.'),(88,11,2,'2023-04-02 18:15:03','Mr.'),(89,4,4,'2023-04-02 18:15:18','Prof.'),(90,4,9,'2023-04-02 18:15:20','Ms.'),(91,1,4,'2023-04-02 18:15:21','Dr.'),(92,11,8,'2023-04-02 18:15:39','Prof.'),(93,9,8,'2023-04-02 18:15:42','Dr.'),(94,1,9,'2023-04-02 18:15:45','Prof.'),(95,9,7,'2023-04-02 18:15:46','Miss'),(96,4,8,'2023-04-02 18:15:49','Prof.'),(97,4,2,'2023-04-02 18:16:18','Prof.'),(98,9,4,'2023-04-02 18:16:21','Miss'),(99,1,5,'2023-04-02 18:16:50','Miss'),(100,9,3,'2023-04-02 18:17:20','Ms.'),(101,11,4,'2023-04-02 18:17:22','Dr.'),(102,11,2,'2023-04-02 18:18:44','Dr.'),(103,1,5,'2023-04-02 18:19:35','Ms.'),(104,9,6,'2023-04-02 18:20:56','Dr.'),(105,1,2,'2023-04-02 18:21:03','Ms.'),(106,1,9,'2023-04-02 18:21:09','Mr.'),(107,2,3,'2023-04-02 18:21:17','Ms.'),(108,1,4,'2023-04-02 18:21:20','Prof.'),(109,9,4,'2023-04-02 18:21:23','Prof.'),(110,4,4,'2023-04-02 18:21:26','Miss'),(111,9,4,'2023-04-02 18:21:51','Dr.'),(112,4,5,'2023-04-02 18:21:54','Dr.'),(113,1,1,'2023-04-02 18:23:03','Mrs.'),(114,1,4,'2023-04-02 18:23:06','Mr.'),(115,11,6,'2023-04-02 18:23:08','Ms.'),(116,11,3,'2023-04-02 18:31:09','Ms.'),(117,1,6,'2023-04-02 18:35:49','Prof.'),(118,9,3,'2023-04-02 18:36:16','Ms.'),(119,2,8,'2023-04-02 18:39:20','Ms.'),(120,2,3,'2023-04-02 18:40:27','Dr.'),(121,9,7,'2023-04-02 18:40:31','Miss'),(122,2,8,'2023-04-02 18:41:15','Ms.'),(123,9,1,'2023-04-02 18:41:47','Miss'),(124,2,3,'2023-04-02 18:43:58','Mrs.'),(125,4,3,'2023-04-02 18:44:05','Mr.'),(126,9,6,'2023-04-02 18:44:16','Dr.'),(127,9,4,'2023-04-02 18:44:18','Mr.'),(128,2,5,'2023-04-02 18:45:11','Prof.'),(129,4,9,'2023-04-02 18:45:13','Prof.'),(130,11,9,'2023-04-02 18:45:14','Mr.'),(131,11,1,'2023-04-02 18:45:16','Prof.'),(132,4,7,'2023-04-02 18:47:14','Dr.'),(133,9,5,'2023-04-02 18:47:16','Mrs.'),(134,1,9,'2023-04-02 19:47:36','Dr.'),(135,2,9,'2023-04-02 19:48:05','Prof.'),(136,2,7,'2023-04-02 19:48:21','Dr.'),(137,4,5,'2023-04-02 19:48:35','Miss'),(138,1,5,'2023-04-02 19:49:32','Mrs.'),(139,4,7,'2023-04-02 19:50:41','Miss'),(140,11,9,'2023-04-02 19:50:44','Prof.'),(141,9,6,'2023-04-02 19:50:46','Miss'),(142,2,3,'2023-04-02 19:50:48','Mrs.'),(143,9,1,'2023-04-02 19:50:50','Miss'),(144,11,4,'2023-04-02 19:52:23','Dr.'),(145,11,6,'2023-04-02 19:53:00','Miss'),(146,2,3,'2023-04-02 19:54:12','Prof.'),(147,2,6,'2023-04-02 19:54:14','Mr.'),(148,1,1,'2023-04-02 19:54:16','Mr.'),(149,4,9,'2023-04-02 20:01:51','Prof.'),(150,9,4,'2023-04-02 20:01:53','Mr.'),(151,4,5,'2023-04-02 20:01:56','Mr.'),(152,9,8,'2023-04-02 20:01:58','Miss');
/*!40000 ALTER TABLE `project` ENABLE KEYS */;
UNLOCK TABLES;

--
-- Table structure for table `project_ratings`
--

DROP TABLE IF EXISTS `project_ratings`;
/*!40101 SET @saved_cs_client     = @@character_set_client */;
/*!50503 SET character_set_client = utf8mb4 */;
CREATE TABLE `project_ratings` (
  `id` int unsigned NOT NULL AUTO_INCREMENT,
  `project_id` int NOT NULL,
  `rating_type_id` int unsigned NOT NULL,
  `rating` smallint NOT NULL,
  `client_note` longtext CHARACTER SET utf8mb4 COLLATE utf8mb4_unicode_ci,
  `created` datetime NOT NULL,
  `updated` datetime NOT NULL,
  PRIMARY KEY (`id`),
  KEY `IDX_58A80BAC166D1F9C` (`project_id`),
  KEY `IDX_58A80BAC260075EB` (`rating_type_id`),
  CONSTRAINT `FK_58A80BAC166D1F9C` FOREIGN KEY (`project_id`) REFERENCES `project` (`id`),
  CONSTRAINT `FK_58A80BAC260075EB` FOREIGN KEY (`rating_type_id`) REFERENCES `rating_types` (`id`)
) ENGINE=InnoDB AUTO_INCREMENT=208 DEFAULT CHARSET=utf8mb4 COLLATE=utf8mb4_unicode_ci;
/*!40101 SET character_set_client = @saved_cs_client */;

--
-- Dumping data for table `project_ratings`
--

LOCK TABLES `project_ratings` WRITE;
/*!40000 ALTER TABLE `project_ratings` DISABLE KEYS */;
INSERT INTO `project_ratings` VALUES (2,1,4,5,'new test','2023-03-30 06:20:43','2023-03-30 06:20:43'),(3,2,3,1,'Ut ut qui soluta sunt enim enim quae voluptas. Pariatur neque soluta pariatur totam ipsa pariatur. Aut et voluptatem voluptatibus sed labore. Sed impedit omnis cum tempora atque dolorem rerum. Doloribus voluptatem aut esse dolore non debitis dignissimos ipsum. Quae molestiae consequatur alias tempora perferendis amet. Ipsam perferendis necessitatibus necessitatibus eos. Harum aut aut aperiam sequi. Error et aperiam voluptatum aut animi. Doloribus aut quis corrupti dolorum accusantium iusto et ipsam. Voluptatibus molestiae earum dignissimos officiis iure temporibus qui. Sit occaecati ratione pariatur est id ab corporis. Deserunt natus modi libero maiores. Sit suscipit officiis consectetur quod. Deserunt repudiandae ea ipsam temporibus natus ipsa beatae. Ullam voluptates eum nam vitae. Autem optio qui sed. Provident ea est ut adipisci et. Nihil qui nihil iure voluptatem expedita. Et voluptatem et harum commodi nemo ut.','2023-03-31 04:46:54','2023-03-31 04:46:54'),(4,2,3,0,'postman test','2023-03-31 04:47:11','2023-03-31 04:47:11'),(5,2,3,4,'new update','2023-03-31 04:50:13','2023-03-31 04:50:13'),(6,5,5,2,NULL,'2023-03-31 05:39:40','2023-03-31 05:39:40'),(7,2,4,5,NULL,'2023-03-31 15:29:10','2023-03-31 15:29:10'),(29,2,5,1,NULL,'2023-03-31 15:56:51','2023-03-31 15:56:51'),(30,3,3,4,'this is a new test','2023-03-31 15:57:38','2023-03-31 15:57:38'),(31,3,5,3,NULL,'2023-03-31 15:57:38','2023-03-31 15:57:38'),(185,9,3,5,'Nihil consequatur autem quam consequatur atque. Atque quidem beatae dignissimos error ex. Ratione fuga aliquid aspernatur laborum. Sint consectetur fugit saepe est repudiandae. Dolorum sit qui doloremque laborum possimus. Quis modi fugit ducimus nostrum iure. Saepe quidem delectus suscipit ullam iste. Et libero rerum ullam rerum dolore. Et ducimus perferendis ea officiis vitae sint saepe. Perferendis harum architecto illo enim aperiam. Laudantium ab nisi aliquid sed sed perferendis. Earum voluptatem dolore ipsum dolores est. Ratione at mollitia occaecati quo labore earum omnis. Autem eos sint quaerat qui asperiores eos omnis. Hic aspernatur nemo repellat. Laudantium repudiandae blanditiis sequi et sit. Corrupti quam reprehenderit est sed quam molestias. Dolor maiores voluptatem repellat aut maxime perspiciatis. Aliquam dolore eum vel iste quam ut illum rem. Sed aut sit tenetur id. Laborum distinctio dolore nesciunt ut aspernatur. Soluta ipsum placeat sit ut et ratione.','2023-04-02 19:47:36','2023-04-02 19:47:36'),(186,9,5,3,NULL,'2023-04-02 19:47:36','2023-04-02 19:47:36'),(187,9,4,3,NULL,'2023-04-02 19:47:36','2023-04-02 19:47:36'),(188,5,3,3,'Saepe corrupti molestiae dicta quos. Eius delectus laboriosam animi nobis et odio sed iure. Dolores natus fugit explicabo enim. Et porro quod ipsum voluptas veniam recusandae. Facere esse assumenda numquam explicabo et sit. Commodi in similique eum corrupti maxime impedit accusantium. Optio id ipsum eligendi ea corporis dolorem. Est atque qui reiciendis et et. Beatae dolorum atque deleniti esse. Est aut est numquam. Ut aperiam doloribus sit nemo ab. Nostrum incidunt voluptatem aperiam dolorem molestias dolore debitis. Aperiam suscipit voluptatem est ex architecto eveniet maiores. Aspernatur eveniet dolorum aut aut odio quibusdam eligendi eligendi. Libero iure amet asperiores quas. Dolore adipisci vitae a laudantium. Voluptas minima occaecati commodi impedit accusantium ut. Amet exercitationem esse officia maxime. Molestias quis qui et deserunt rerum neque voluptatem. Laboriosam est voluptas aliquid ea quo error suscipit vel. Et praesentium alias ut velit nesciunt.','2023-04-02 19:48:05','2023-04-02 19:48:05'),(189,5,4,2,NULL,'2023-04-02 19:48:05','2023-04-02 19:48:05'),(190,6,3,2,'Qui eveniet ratione fugiat rerum illo et mollitia. Earum et libero aspernatur neque vero. Est unde molestiae aut velit voluptas laborum officiis. Dolor facilis vel quis illo necessitatibus. Temporibus ullam quia id cum quam et. Qui et natus recusandae fugiat ducimus. Illum ipsam animi sed error cum hic officia at. Voluptatem omnis unde sint quibusdam doloremque recusandae non qui. Consequuntur ab quo accusamus quia illo quis. Dolore autem et dolorum quis culpa quos. Rerum laudantium nemo et et quo. In corrupti natus qui sint et possimus. Sed amet nam est. Est et officiis assumenda quia sit. Magnam voluptas voluptas est sequi. Odio et molestias omnis autem voluptatibus rerum vel maxime. Occaecati nostrum quos id eaque quis aut voluptates. Voluptas suscipit aut ex ipsam ut quia aut. Qui aspernatur occaecati incidunt dolorem aperiam delectus quod. Et aliquid cupiditate ut ducimus earum aut ut.','2023-04-02 19:48:21','2023-04-02 19:48:21'),(191,6,5,2,NULL,'2023-04-02 19:48:21','2023-04-02 19:48:21'),(192,6,4,2,NULL,'2023-04-02 19:48:21','2023-04-02 19:48:21'),(193,4,3,3,'Blanditiis esse excepturi aut voluptas magnam modi. Dolores velit dignissimos sint. Consequatur optio ut perspiciatis molestiae corrupti quam optio. Alias quaerat deleniti qui quasi esse accusantium qui. Iste possimus quae tempore sunt. Facilis sint numquam blanditiis qui labore quia eum nobis. Magni assumenda quia voluptates doloribus voluptas fugiat soluta. Eaque ipsum ad ea qui dolores ea. Est asperiores occaecati et voluptatem placeat nobis fugiat. Fugiat dolores explicabo aliquam nam omnis. Eligendi quisquam exercitationem nam sequi minima. Fugit labore accusamus esse animi illum. Velit aperiam totam sit nesciunt. Voluptas delectus sed est veniam velit et non. Assumenda modi unde et magnam sit. Rerum cumque dolores neque pariatur voluptatem hic aut. Cum odio voluptates nihil recusandae aut praesentium sint. Necessitatibus sint veritatis tempora.','2023-04-02 19:48:21','2023-04-02 19:48:21'),(194,4,5,4,NULL,'2023-04-02 19:48:21','2023-04-02 19:48:21'),(195,4,4,4,NULL,'2023-04-02 19:48:21','2023-04-02 19:48:21'),(196,10,3,2,'Qui esse rem voluptatem dolores. Deleniti rem ut dolor animi ab. Repudiandae totam assumenda ut corporis quia molestiae id. Reiciendis eligendi consequatur nemo odio dolores ea. Voluptas error aut voluptate qui rerum. Recusandae iusto dolore fuga sapiente tempora voluptatem. Sed placeat voluptas ut explicabo neque aut. Et quaerat distinctio odit dolor nihil. Ea harum ab est consectetur sequi aperiam. Doloribus vel quis impedit doloremque esse. Quia ut fuga accusantium sed ea consequatur. Deserunt sint fugit voluptatem officia. Placeat accusantium quo et sint eum culpa delectus minima. Nobis vero aut et beatae quibusdam labore. Ducimus ut vel illo unde non voluptatem est. Facilis qui adipisci error et qui hic dicta. Blanditiis ratione corrupti eos repudiandae earum. Excepturi laborum et iste esse. Veritatis delectus exercitationem esse consequatur neque.','2023-04-02 19:49:32','2023-04-02 19:49:32'),(197,10,5,4,NULL,'2023-04-02 19:49:32','2023-04-02 19:49:32'),(198,10,4,4,NULL,'2023-04-02 19:49:32','2023-04-02 19:49:32'),(199,1,3,4,'Aut eligendi et laboriosam nihil. Totam ad optio aut ex. Asperiores cum esse molestiae ullam. Voluptas quibusdam excepturi accusantium est quia quo. Vero consequuntur explicabo omnis cupiditate sit. Numquam modi qui sapiente aut qui. Provident non aut quaerat facilis soluta quasi qui. Temporibus blanditiis suscipit consectetur deserunt voluptate facere. Laborum possimus repellat praesentium asperiores at voluptas aut. A sed magni sit saepe. Sunt voluptatem dolorem non dolores quam expedita perferendis. Minima ipsum debitis necessitatibus inventore natus ut nostrum. Quia placeat voluptatibus maiores eos beatae praesentium cumque. Voluptatem dolorem consequatur explicabo deserunt voluptas ipsa nobis. Voluptatibus inventore et debitis earum. Perspiciatis aut eum hic recusandae. Voluptatem velit adipisci velit qui voluptatum neque. Perspiciatis repudiandae qui omnis in soluta iste.','2023-04-02 19:50:41','2023-04-02 19:50:41'),(200,1,5,4,NULL,'2023-04-02 19:50:41','2023-04-02 19:50:41'),(201,7,3,5,'Soluta qui praesentium porro voluptates quia aut nulla. Ea nostrum necessitatibus repellendus autem architecto rerum qui. Eveniet architecto et non. Magni quod labore pariatur maxime accusantium eum. Voluptas consectetur aut quas deserunt nam vel. Velit architecto et cum et qui eos. Dolorem ut perferendis consectetur provident voluptatem voluptatum. Accusantium aut et commodi et placeat aliquid. Sequi rerum accusantium nisi molestias at nemo. Ut perferendis officia provident repellat. Iusto optio dolorem consequatur quos. Aperiam tempora est autem non quidem. Modi deserunt laborum deleniti ex in voluptatibus ab. Quia perspiciatis reprehenderit vel eveniet et aut ratione. Et rerum nesciunt est perferendis ad quos. Quod ut eum sed aliquam recusandae et. Aut iure dicta et doloremque modi molestiae id. In nostrum neque inventore amet. Et sunt quod harum recusandae fuga. Cumque qui praesentium libero sint. Tempora dolor veritatis dolor reiciendis fuga.','2023-04-02 19:50:44','2023-04-02 19:50:44'),(202,7,5,5,NULL,'2023-04-02 19:50:44','2023-04-02 19:50:44'),(203,7,4,5,NULL,'2023-04-02 19:50:44','2023-04-02 19:50:44'),(204,3,4,2,NULL,'2023-04-02 19:52:23','2023-04-02 19:52:23'),(205,8,3,2,'Molestias molestias laudantium repudiandae voluptatem. Eos consequatur odio ut eos. Enim et dolor et provident in optio aut eius. Quod nesciunt illo quos autem voluptatem id praesentium. Maiores non aperiam velit doloremque voluptas. Quae assumenda architecto est et. Debitis velit placeat ex porro. Sed vero esse in reiciendis ut facilis. Veritatis earum temporibus et odit aspernatur quos. Dolore est provident beatae. Et omnis exercitationem perferendis error quos a ad possimus. Dolor accusantium fuga impedit ipsam nam et quisquam reprehenderit. Error nisi sint voluptatem. Omnis accusamus non culpa vitae dolores tempore modi quia. Voluptas quam ratione aut et non. Similique non sit rerum omnis rem aliquam dolorem accusamus. Voluptatem non qui sed qui tempore. Velit corporis possimus error. Sit dolores quaerat rerum voluptatibus sint doloremque. Natus neque saepe et. Voluptas rem dolorem sapiente placeat cumque esse iusto. Officiis consequatur odio voluptatibus unde eos cupiditate.','2023-04-02 20:01:53','2023-04-02 20:01:53'),(206,8,5,3,NULL,'2023-04-02 20:01:53','2023-04-02 20:01:53'),(207,8,4,2,NULL,'2023-04-02 20:01:53','2023-04-02 20:01:53');
/*!40000 ALTER TABLE `project_ratings` ENABLE KEYS */;
UNLOCK TABLES;

--
-- Table structure for table `rating_types`
--

DROP TABLE IF EXISTS `rating_types`;
/*!40101 SET @saved_cs_client     = @@character_set_client */;
/*!50503 SET character_set_client = utf8mb4 */;
CREATE TABLE `rating_types` (
  `id` int unsigned NOT NULL AUTO_INCREMENT,
  `code` varchar(255) CHARACTER SET utf8mb4 COLLATE utf8mb4_unicode_ci NOT NULL,
  `display` varchar(255) CHARACTER SET utf8mb4 COLLATE utf8mb4_unicode_ci NOT NULL,
  `created` datetime NOT NULL,
  PRIMARY KEY (`id`),
  KEY `IDX_C426860C77153098` (`code`)
) ENGINE=InnoDB AUTO_INCREMENT=112 DEFAULT CHARSET=utf8mb4 COLLATE=utf8mb4_unicode_ci;
/*!40101 SET character_set_client = @saved_cs_client */;

--
-- Dumping data for table `rating_types`
--

LOCK TABLES `rating_types` WRITE;
/*!40000 ALTER TABLE `rating_types` DISABLE KEYS */;
INSERT INTO `rating_types` VALUES (3,'OVERALL','Overall Satisfaction','2023-03-30 23:04:44'),(4,'COMM','Communication','2023-03-30 23:06:31'),(5,'QOW','Quality Of Work','2023-03-30 23:08:03'),(8,'VFM','Value For Money','2023-03-31 00:22:22'),(9,'Sabrina Crooks I','Laborum corporis tempora dolores veniam qui numquam ex. Repellendus vel numquam hic saepe optio quas. Quod aliquam hic voluptas quibusdam reiciendis. Qui iusto tempora autem ut natus recusandae.','2023-04-02 15:00:23'),(10,'Gabriella Bauch','Harum vel non nihil explicabo harum nihil. Eligendi eligendi blanditiis porro nostrum qui. Dolore placeat non accusamus molestiae recusandae consequatur aut nesciunt. Quam eius veniam sed debitis dolores laborum. Qui ut hic tempora eos quia perspiciatis.','2023-04-02 15:00:48'),(11,'Eloisa Heathcote','Et dolores cupiditate cumque et ut. Aut velit alias hic aperiam ratione at perferendis qui. Incidunt porro labore est suscipit autem qui autem omnis.','2023-04-02 16:53:27'),(12,'Elbert Reilly','Itaque magni molestiae et sint libero. Ab iure est dolorum. Est repudiandae non perferendis.','2023-04-02 16:53:36'),(13,'Kallie Beer PhD','Tenetur illum aliquid est placeat velit incidunt. Illum repellat qui harum. Aut facilis doloribus sint qui. Voluptatum harum cupiditate laboriosam et assumenda. Eveniet ducimus assumenda aut quas ipsam iure.','2023-04-02 16:53:41'),(14,'Javonte Hermiston IV','Fugiat nihil qui quia vel accusantium enim. Quo ducimus et qui ut aliquam et voluptates. Dolores ipsum accusantium a et in.','2023-04-02 16:55:01'),(15,'Dr. Kelvin Harvey','Quia culpa odit optio repellat. Est rerum qui repudiandae velit fugit. Velit corporis atque impedit laudantium suscipit sed consequatur. Mollitia modi numquam fugiat expedita corrupti ut odio.','2023-04-02 16:55:20'),(16,'Dr. Mara Will V','Sit dicta cupiditate dolores tempora magni quisquam. Voluptas et quia fuga repudiandae sequi perferendis quasi nostrum. Amet aut quibusdam aut repellendus atque. Neque suscipit dignissimos quas velit.','2023-04-02 16:56:01'),(17,'Prof. Alan Hayes','Minus eius et aliquid veritatis et beatae amet. Voluptas sit quia sunt similique natus. Dolores sit omnis repudiandae et.','2023-04-02 17:02:32'),(18,'Vincenza McLaughlin','Quod ratione mollitia et ullam sed eveniet consectetur. Voluptatem doloribus beatae sit at beatae reprehenderit.','2023-04-02 17:23:34'),(19,'Shaylee Connelly Sr.','Labore amet dolores fugiat maiores qui. Velit aut doloremque architecto libero. Sit harum ab aut esse suscipit cum non temporibus. Est deleniti sed error animi modi similique beatae eaque.','2023-04-02 17:24:27'),(20,'Leon Hahn','Sunt repellendus nobis omnis quas consectetur et quis. Quidem voluptatibus sit ad ut voluptatem. Quas voluptates ea voluptatem numquam est. Et voluptas perspiciatis ipsam.','2023-04-02 17:24:54'),(21,'Jodie Bernhard I','Autem sunt sed sed. Occaecati odit voluptatem laboriosam odio doloribus deserunt et. Tenetur quae deleniti asperiores numquam tempora. Sint facere sint aut adipisci. Accusantium sint et eum mollitia. Doloremque quia eum maxime nulla non dicta.','2023-04-02 17:32:15'),(22,'Ressie Kuhn','Dignissimos ad suscipit amet est minima quaerat. Atque delectus culpa repudiandae enim qui illo cupiditate qui. Magni pariatur qui incidunt quia animi culpa. Voluptas ducimus porro repellendus aut autem.','2023-04-02 17:35:39'),(23,'Prof. Miguel Toy','Est officia velit temporibus et ipsam vel adipisci. Maiores perspiciatis et porro aut ipsum minus. Ut iusto occaecati itaque possimus dolores temporibus quia. Eos sunt laudantium aliquid.','2023-04-02 17:38:54'),(24,'Ricardo Rowe','Voluptatibus facere omnis deleniti dolore voluptatem dolorum. Quam sunt aut cupiditate fugiat voluptatibus sint quos blanditiis. Rerum eligendi tempore magni beatae nam aliquam dolores sapiente. Beatae possimus et quisquam ut laborum.','2023-04-02 17:39:52'),(25,'Maia Davis','Rerum ducimus minima impedit sed. Aut id et nobis et accusantium. Quia aut aut illo qui similique.','2023-04-02 17:40:52'),(26,'Mr. Stanton Prosacco IV','Numquam optio laboriosam odit eos accusamus quisquam. Magni sequi ea quam sint sed esse vel iusto.','2023-04-02 17:43:31'),(27,'Lilyan Shields','Voluptas enim ut sed voluptatem ipsam unde ratione. Dolores quis totam veritatis fugiat inventore est. Non mollitia iusto labore consectetur cumque. Non nulla porro est itaque quasi esse aut.','2023-04-02 17:44:03'),(28,'Dr. Dell Miller','Blanditiis quo voluptas qui est. Natus perferendis et rerum assumenda sed aut exercitationem. Aut aliquid non quis. Aut facere sit fugit soluta voluptas ducimus.','2023-04-02 17:49:41'),(29,'Ms. Ashlynn Swaniawski','Eum qui voluptates error consequatur. Sed voluptatem id et tenetur. Adipisci neque rem repellat quo molestiae et dolores. Quia optio quam et quod labore.','2023-04-02 17:50:02'),(30,'Mr. Ed Braun','Quas quod in necessitatibus nobis voluptate nihil qui. Consequatur sed numquam nostrum distinctio fuga qui perferendis. Impedit reiciendis temporibus fugit eos aut nisi.','2023-04-02 17:50:18'),(31,'Dr. Marcellus Satterfield','Nam ea ea minima recusandae ea voluptatem. Assumenda nihil nesciunt consectetur. Velit voluptas iusto tempora eos consequatur dignissimos. Fugit incidunt dolor culpa harum quia ex omnis aut.','2023-04-02 17:50:48'),(32,'Mr. Jordon Treutel','Qui quam architecto eos cum eos deserunt provident quis. Et nulla saepe eum non quo. Beatae sit sint dicta.','2023-04-02 17:51:27'),(33,'Else Jones MD','Ipsum laudantium voluptatum tempore ut saepe molestiae atque. Eos natus odit minus deserunt. Qui impedit dignissimos quia consequuntur voluptatem. Provident fuga dolorum labore minus est et id.','2023-04-02 17:53:46'),(34,'Leonor Berge','Saepe corporis reprehenderit asperiores nemo commodi id reprehenderit. Enim culpa voluptatem non neque qui ea. Reprehenderit deserunt aut illo rem qui rem iste suscipit.','2023-04-02 17:55:12'),(35,'Enrico Huels Jr.','Eos nihil sunt doloribus aliquid aliquam laudantium blanditiis. In libero minus non quia dolorum. Ut aspernatur dolor non voluptatem quidem ea commodi. Esse recusandae quia ab eaque.','2023-04-02 17:55:33'),(36,'Mr. Cletus Witting','Dolore nemo aspernatur nihil qui eos labore. Sit eveniet quas velit quo cum id nulla. Repudiandae temporibus assumenda aut. Molestias recusandae doloremque dolorum qui architecto omnis.','2023-04-02 17:55:54'),(37,'Ms. Santina Schowalter','Ducimus est enim molestiae sint ipsam. Et dolor voluptatem autem maiores vel aut asperiores. Sit qui dolores ea nisi fugit ipsam.','2023-04-02 17:57:59'),(38,'Prof. Marguerite Stiedemann IV','Aut vero quas ut est est. Quo in qui ut. Illo quas culpa sed consectetur quibusdam. Qui suscipit est aut dolores. Magnam a cupiditate nostrum magnam accusamus. Delectus magni vel doloribus ut quos. Et saepe aut vel deserunt.','2023-04-02 17:58:23'),(39,'Lorine Boyle','Provident id ad ex dolor autem delectus rerum. Delectus rem laboriosam sint ducimus aliquid. Doloremque deleniti earum commodi aut. Non maxime facilis ut repellat dolor cupiditate nisi. Perspiciatis aliquid qui et sapiente.','2023-04-02 17:58:41'),(40,'Esperanza Moore DVM','Velit iste nobis quo voluptatibus eligendi aut nesciunt. Aut similique necessitatibus quos. Quaerat aliquam sit quibusdam. Neque voluptas ad doloribus omnis magni qui odio. Dolores aliquam aut repellendus libero.','2023-04-02 17:59:46'),(41,'Pamela Schaden','Quia unde natus aut accusamus ex. Illum omnis perspiciatis numquam accusantium aut rerum. Praesentium qui facere porro corrupti.','2023-04-02 18:01:48'),(42,'Dee Kohler','Ex perspiciatis ut iure officia. Quos nisi et qui eos delectus omnis. Aperiam iste consequuntur non similique. Consequatur similique voluptates doloribus omnis et nihil. Et quia soluta molestiae quasi accusantium.','2023-04-02 18:02:01'),(43,'Prof. Margarita Harber PhD','Ratione sit dolorem omnis sunt ut dolore. Repellendus ut ut ut. Consequatur omnis sit eum. Non pariatur eligendi sed ex quos odit.','2023-04-02 18:03:59'),(44,'Jena Jaskolski','Vel est amet repellat ex unde sunt. Nostrum nam sint doloribus nostrum eius ea nemo. Ratione et non ut voluptatem fuga qui.','2023-04-02 18:10:07'),(45,'Casimer Feil','Ut ipsam eaque expedita provident consequatur. Quam necessitatibus non aut eius. Qui molestiae et sunt ex. Voluptatem impedit dicta sit odio sunt ut sed. Ratione dolores dolores nam quia occaecati.','2023-04-02 18:10:56'),(46,'Kade Rempel V','Itaque labore voluptate expedita nesciunt doloribus non. Omnis blanditiis ut ut et quas ut perspiciatis. Cum libero sed assumenda corporis nihil nulla. Eius et itaque earum provident. Accusamus itaque adipisci illum neque.','2023-04-02 18:11:14'),(47,'Reina Russel','Placeat aut eos dolor sit soluta. Et dolores veritatis vel. Dolore dicta aut voluptatibus rerum. Saepe ullam rerum dicta dolor. Minus consequatur ut veniam dicta corporis et quos dicta. Dolores qui maiores et.','2023-04-02 18:11:26'),(48,'Carmelo Gulgowski DDS','Occaecati explicabo ex voluptate accusamus molestiae. Nobis doloribus et accusantium est sit. Laborum voluptatum rerum ab eius nobis non assumenda. Consequatur ducimus nihil magnam voluptas sit.','2023-04-02 18:11:34'),(49,'Carli Hansen','Non nulla in ipsa dignissimos unde. Animi saepe sed qui ratione laboriosam nam veritatis. Occaecati voluptatibus debitis voluptates at doloremque.','2023-04-02 18:12:00'),(50,'Khalil Witting I','Saepe et aut quis sed pariatur dolorum. Molestias et et quia dolor. Est accusantium ab voluptatem dignissimos suscipit. Non ipsum quod aut dolor minima consequatur. Est recusandae harum voluptas ut. Velit soluta dolorem voluptatem recusandae.','2023-04-02 18:12:43'),(51,'Aurore Friesen','Est deleniti explicabo ut rem accusamus. Natus delectus excepturi voluptas doloribus mollitia aut. Non esse fuga voluptas corporis voluptatem.','2023-04-02 18:13:43'),(52,'Rosanna Hammes IV','Aut enim sint consectetur quaerat consequatur. Provident nesciunt odit eum perspiciatis. Cumque iure architecto veniam blanditiis fugiat. Nulla deleniti eos est non ut ullam quo.','2023-04-02 18:13:55'),(53,'Tom Buckridge','Voluptatibus tempora commodi illum. Accusamus officiis et delectus distinctio. Molestiae aliquam maiores aut iure id.','2023-04-02 18:14:27'),(54,'Susan Runolfsson MD','Quisquam eum dolorem quae adipisci eaque inventore voluptatibus. A ipsam unde voluptatem tenetur explicabo. Quia voluptatibus aut doloribus sed illo veritatis.','2023-04-02 18:14:40'),(55,'Effie Greenfelder','Repudiandae ipsam inventore fugit. Magni dolor ut dolorem ea. Dignissimos ut non voluptate commodi. Nobis aut fugiat omnis ut.','2023-04-02 18:15:18'),(56,'Prof. Donny Muller III','Dolor quos ipsum illum. Veniam aut et reiciendis dolore quos dignissimos. Aut excepturi qui ipsam modi mollitia quia. Sunt itaque dolorem est harum beatae quo.','2023-04-02 18:15:20'),(57,'Mr. Jed Sipes','Voluptatem culpa veritatis ipsum explicabo nihil ut. Eligendi doloribus eaque excepturi sequi esse. Enim natus dolorum velit ut ut voluptatum sed. Aperiam repudiandae nihil occaecati ut omnis autem qui.','2023-04-02 18:15:22'),(58,'Abdullah Schaden','Perspiciatis minus perspiciatis dolorem quis voluptate aperiam pariatur. Ut molestias dicta est recusandae labore. Qui illum eveniet unde voluptatem rerum.','2023-04-02 18:15:40'),(59,'Aditya Bayer','Fuga quae ut repellendus porro velit illo ut. Corporis quo est accusamus aut sequi. Qui amet voluptas quia ea. Voluptatem exercitationem et ullam eos.','2023-04-02 18:15:42'),(60,'Alfonso Luettgen','Ut ad velit nemo et quo suscipit. Sunt suscipit alias tenetur quas. Excepturi nihil quis quis itaque.','2023-04-02 18:15:45'),(61,'Esther Ritchie','Et deleniti accusantium sit at repellat vero. Saepe optio libero consequatur placeat qui laborum. Reprehenderit quia veniam facilis dicta corporis dolore. Error ut autem eveniet. Laborum aut dolorem sit aut. Nulla ducimus molestiae dicta omnis illum.','2023-04-02 18:15:46'),(62,'Mrs. Cathy Pollich','Eveniet quo eligendi eum nobis ullam. Repudiandae recusandae doloribus quo laboriosam. Ipsum nemo asperiores dolores temporibus. Perferendis est sapiente adipisci earum non.','2023-04-02 18:15:49'),(63,'Gustave Bednar','Consequatur ut consequuntur quas cumque sed hic. Porro quis debitis at qui dolorem accusamus omnis. A error doloribus quisquam adipisci nihil sed.','2023-04-02 18:16:18'),(64,'Miss Aryanna Nader','Neque perferendis et eos. Libero doloribus doloremque ut eaque. Perferendis ipsum asperiores tempora commodi fugiat sapiente.','2023-04-02 18:16:21'),(65,'Cicero Brakus','Molestias incidunt nobis rerum molestiae animi tenetur quasi. Occaecati excepturi dolores ipsa quidem non eveniet. Reprehenderit cumque blanditiis sed assumenda eum nulla. Dolor qui aliquid beatae. Aut omnis laudantium praesentium.','2023-04-02 18:18:45'),(66,'Dr. Amelie Mitchell','Possimus repellat repudiandae reprehenderit sit reprehenderit. Dolorem incidunt non nesciunt ad voluptate qui vel. Ipsa ut consequatur aut quo earum nobis error. Quia voluptas voluptatem voluptas sed. Praesentium laboriosam autem non commodi a.','2023-04-02 18:19:35'),(67,'Rodolfo White','Minus numquam doloribus molestiae expedita et aut voluptates. Nam atque deserunt qui iste quidem inventore doloremque.','2023-04-02 18:20:56'),(68,'Mr. Tom Becker','Architecto ipsa voluptatibus quisquam rerum. Repellendus perspiciatis sint dolore. Aut sed aut dolores molestias. Sed iusto unde voluptate et rerum necessitatibus.','2023-04-02 18:21:03'),(69,'Beaulah Turner','Iusto pariatur assumenda nihil non ipsa. Sed qui quia voluptas id veniam. Doloremque blanditiis et voluptate aut voluptatem placeat. Rerum voluptas dolorem blanditiis aut adipisci ut nulla rerum.','2023-04-02 18:21:09'),(70,'Jennie Hermiston','Earum accusamus enim debitis eaque fugit. Aut omnis modi velit tempora optio est. Quos harum pariatur voluptatem qui in animi expedita. Ab dicta odit occaecati magnam.','2023-04-02 18:21:17'),(71,'Mr. Gussie Koch','Et repellat aspernatur nesciunt cum nihil occaecati dicta. Est aut doloremque et sit similique magnam nisi. Consequatur rerum repellendus nostrum pariatur dolores illum repellat.','2023-04-02 18:21:20'),(72,'Caterina Hand','Doloremque harum voluptatem praesentium adipisci occaecati labore. Quia iure quam accusantium assumenda doloribus adipisci. Voluptatem magni sit dicta sint natus voluptatem. Recusandae quia omnis repellendus quae sunt dolorem atque voluptate.','2023-04-02 18:21:23'),(73,'Mrs. Noemi Goodwin','Nam totam voluptatem quia explicabo id doloremque. Qui fuga sed blanditiis qui. Dolorum autem molestiae quas. Aliquid quidem voluptas dolorem porro totam assumenda error.','2023-04-02 18:21:26'),(74,'Gino Morar','Qui nisi voluptas ut ab. Ad id porro consectetur praesentium id recusandae et. Labore magni autem illo sint porro. Dicta deleniti quam placeat quam error.','2023-04-02 18:21:51'),(75,'Lorenz Walter','Aut eveniet odit dolor sit quia. Id vitae veniam dolorem ut sed. Velit enim at nemo totam dolor quia eligendi. Aliquid praesentium soluta inventore illum alias qui.','2023-04-02 18:21:54'),(76,'Mr. Tyree Quigley I','Fugit saepe temporibus veniam facere rerum. Reprehenderit suscipit et consectetur dignissimos. Minima magni mollitia qui qui ex voluptates at.','2023-04-02 18:23:03'),(77,'Dr. Leonora Von','Consequatur id laborum sint unde voluptate. Nostrum dolorum sit autem et quo facere ut. Est quia tenetur totam id excepturi. Explicabo et possimus et consectetur deleniti.','2023-04-02 18:23:06'),(78,'Mr. Timmothy Hermiston Jr.','Est libero voluptatem ut vel eligendi quidem. Corporis ullam ab nemo et voluptas ipsa quam. Libero est sapiente minima amet.','2023-04-02 18:23:08'),(79,'Emmitt Gusikowski','Rerum vel non culpa facilis sequi repellendus laborum. Quam eum omnis quis placeat debitis adipisci soluta. Ipsum veniam nulla cum a repellat quia. Placeat placeat sint error ducimus atque.','2023-04-02 18:31:09'),(80,'Ms. Lindsay Harris','Praesentium numquam rerum rerum in. Culpa ad rerum iste sed temporibus molestiae et. Voluptas tenetur architecto atque aut error. Odit dolor et ut nisi harum et ab.','2023-04-02 18:35:49'),(81,'Miss Tianna Conroy','Est sunt qui maxime rerum consequatur quod ea. Earum animi non quia voluptatum atque quae animi. Ut accusantium amet qui quidem. Sunt vel et qui doloribus cum aut.','2023-04-02 18:36:17'),(82,'Mack Wunsch','In pariatur quis quidem id id. Veniam laborum accusantium repudiandae aut dolor esse odit. Eos consequuntur provident temporibus cum. Non id architecto sit tenetur id beatae qui consectetur. Dolorem natus nam dolor ipsa magni ea ab veniam.','2023-04-02 18:39:20'),(83,'Karianne Cummerata','Expedita sit non omnis tempore omnis dolorum commodi. Sed alias expedita dignissimos iure. Quidem et cum vitae dolores.','2023-04-02 18:40:27'),(84,'Brooke Block MD','Adipisci commodi magni voluptatem suscipit. At occaecati exercitationem sint possimus omnis pariatur omnis. Quis et sunt aspernatur dolor.','2023-04-02 18:40:31'),(85,'Hollie Lueilwitz III','Repudiandae sit atque expedita facilis inventore aut. Recusandae asperiores ratione ut corrupti.','2023-04-02 18:41:15'),(86,'Tanya Fay','Sed esse unde rerum omnis placeat nulla. Perferendis earum ea necessitatibus quia ea dolore culpa. Veniam quos quas est voluptatem accusantium. Recusandae dolor ut reiciendis id. Sit aut sint debitis.','2023-04-02 18:41:47'),(87,'Ms. Alessandra Cummerata V','Reprehenderit aliquam sint eaque qui ullam eligendi. Voluptas debitis molestias et. Voluptatem magni provident rerum incidunt repudiandae aliquam. Sed vero autem ab voluptas quis.','2023-04-02 18:43:58'),(88,'Madisen Carter','Molestiae sint commodi delectus suscipit. Aliquid earum deleniti ex animi ex. Perspiciatis quia odio aut molestias.','2023-04-02 18:44:05'),(89,'Lia Grimes','Qui voluptatem eos at. Maxime autem aut unde deleniti magnam deleniti velit. Autem error inventore dolorum fuga occaecati. Labore et sit aut est recusandae quis. Sit aut qui rerum et. Unde saepe quam doloremque sit qui totam qui.','2023-04-02 18:44:16'),(90,'Jovany Kovacek','Ea est neque vero eius voluptatum. In non vitae officiis est voluptas quaerat nostrum. Aut iusto consequuntur et eius. Optio iure fugit veniam animi optio. Voluptatem dolorem in ut unde.','2023-04-02 18:44:18'),(91,'Prof. Boris Abernathy II','Sunt consequatur voluptate incidunt ea rerum. Accusamus autem doloribus et illum vel. Sapiente enim soluta optio rerum.','2023-04-02 18:47:14'),(92,'Miss Magali Collins','Commodi est amet quia qui est rerum porro. Est omnis nihil omnis laboriosam voluptas ex sed. Laudantium vitae corrupti quibusdam ullam magnam soluta ut.','2023-04-02 18:47:16'),(93,'Kamron Carter','Dicta nostrum ut nihil quisquam veritatis illum voluptate. Molestiae doloribus voluptatum nulla sed autem vel minima. Fuga voluptatibus perspiciatis nesciunt ea quia.','2023-04-02 19:47:36'),(94,'Ms. Beaulah Turner IV','Et cupiditate odit iusto quisquam reiciendis ab qui. Laudantium distinctio quas expedita saepe ducimus. Nesciunt omnis qui nobis et blanditiis tenetur.','2023-04-02 19:48:06'),(95,'Christa Bode','Inventore mollitia voluptatem rem alias sit. Sunt illum corrupti possimus quia magni. Nihil nobis cumque pariatur aut aspernatur dolores.','2023-04-02 19:48:21'),(96,'Dr. Moses Boyer IV','Ut aut doloremque possimus quas. Unde adipisci asperiores ipsam earum perspiciatis exercitationem ea cupiditate. Quisquam illo excepturi repellendus vero.','2023-04-02 19:48:35'),(97,'Noemy Konopelski','Repellendus aspernatur placeat consequatur sapiente nobis ratione. Voluptas occaecati aliquid laudantium quae animi quo. Ratione blanditiis magnam soluta velit sed iste. Est culpa eos blanditiis est laudantium facere.','2023-04-02 19:49:32'),(98,'Reece Hill','Iste ea beatae placeat dolorum eum ex. Ut deleniti molestiae adipisci sit dolore in voluptatibus. A iure voluptatem quasi repellendus laudantium placeat.','2023-04-02 19:50:41'),(99,'Harry Towne','Accusamus tenetur sint non sunt. Saepe tenetur ab eum in ipsam velit culpa. Placeat sint quae debitis. Saepe architecto vero modi et fugit.','2023-04-02 19:50:44'),(100,'Sam Schuster','Voluptas aliquid cumque et qui. Est nihil consequatur facilis. Distinctio dignissimos corrupti nobis odio doloremque. Eveniet temporibus corrupti sunt deleniti. Velit iure quia veniam. Sunt consequatur libero commodi voluptas sit quasi nulla autem.','2023-04-02 19:50:46'),(101,'Braulio Lockman','In magni et excepturi veniam magnam fuga explicabo. Sapiente a asperiores et dicta. Quis facere at tempore nihil. Beatae dolorem facilis id rerum. Aut dolorem non at. Quidem molestias voluptas inventore.','2023-04-02 19:50:48'),(102,'Miss Elisabeth Schmeler DVM','Nobis et enim non doloribus aut sunt itaque. Tenetur autem eos consequatur odio modi aut. Eos voluptates totam aut itaque tempora. Libero eaque quos dolorum accusantium autem. Autem aut vero omnis optio possimus.','2023-04-02 19:50:50'),(103,'Prof. Maxine Robel','Soluta at rerum tempore consequatur consequuntur esse. Harum perferendis quia temporibus ut quia voluptatem a. A eveniet ut doloremque non corporis eveniet fugit in. Non laudantium at eligendi velit et mollitia veritatis rem.','2023-04-02 19:52:23'),(104,'Nils Carter','Est omnis ipsum vitae voluptatem expedita est. Iure eos debitis beatae incidunt deleniti. Asperiores voluptas sed sint quisquam amet dolores. Voluptas quaerat hic eos et labore dolores quia impedit.','2023-04-02 19:53:01'),(105,'Rosalia Bosco','Et voluptas et voluptatem sapiente. Qui vel delectus atque sunt aut. Tempore dolores est ut minima labore dignissimos soluta.','2023-04-02 19:54:13'),(106,'Roslyn Kerluke','Consectetur similique est quae delectus. Deleniti vel quaerat doloribus veritatis porro. Temporibus odio quam deserunt. Ea qui architecto pariatur ex. Deleniti odit vel consequatur doloribus explicabo.','2023-04-02 19:54:15'),(107,'Avery Zemlak','Ut sit consequatur aperiam aspernatur consectetur est. Consequatur in eum iste dolores. Eum saepe voluptas doloremque et.','2023-04-02 19:54:16'),(108,'Miss Alverta Grady II','Iusto et ipsa aperiam et quia voluptates. Et neque sed aut similique voluptatum quam omnis sint. Mollitia corrupti recusandae inventore deserunt illum. Tempora quam odio rerum voluptas dolores magnam fugit.','2023-04-02 20:01:51'),(109,'Winnifred Gibson','Illum tenetur corporis sit reiciendis natus dolor libero. Est distinctio facilis et ut esse. Libero quia voluptatem odit non aut.','2023-04-02 20:01:54'),(110,'Marley Thiel','Est qui eligendi aut. Hic vel pariatur voluptatum nam ratione. Autem quos accusamus maiores quaerat deserunt repellat aut. Soluta qui repudiandae at illo odio. Natus eveniet explicabo quaerat quasi molestias excepturi commodi hic.','2023-04-02 20:01:56'),(111,'Chaim Ryan','Omnis repudiandae facilis itaque modi esse. Blanditiis repellendus minus est in incidunt. Blanditiis eos amet aliquam laudantium est dolorem dicta. Eaque culpa veritatis ab id possimus voluptatem optio. Eum illo voluptatem occaecati sapiente magni.','2023-04-02 20:01:58');
/*!40000 ALTER TABLE `rating_types` ENABLE KEYS */;
UNLOCK TABLES;

--
-- Table structure for table `vico`
--

DROP TABLE IF EXISTS `vico`;
/*!40101 SET @saved_cs_client     = @@character_set_client */;
/*!50503 SET character_set_client = utf8mb4 */;
CREATE TABLE `vico` (
  `id` int NOT NULL AUTO_INCREMENT,
  `name` varchar(64) CHARACTER SET utf8mb4 COLLATE utf8mb4_unicode_ci NOT NULL,
  `created` datetime NOT NULL,
  PRIMARY KEY (`id`),
  KEY `name_idx` (`name`)
) ENGINE=InnoDB AUTO_INCREMENT=135 DEFAULT CHARSET=utf8mb4 COLLATE=utf8mb4_unicode_ci;
/*!40101 SET character_set_client = @saved_cs_client */;

--
-- Dumping data for table `vico`
--

LOCK TABLES `vico` WRITE;
/*!40000 ALTER TABLE `vico` DISABLE KEYS */;
INSERT INTO `vico` VALUES (1,'leonardo','2023-03-30 14:57:47'),(2,'kww','2023-03-30 15:13:43'),(3,'kww','2023-03-30 15:14:46'),(4,'Janet Hagenes','2023-04-02 13:56:40'),(5,'Breana Balistreri','2023-04-02 13:56:58'),(6,'Prof. Reagan Raynor I','2023-04-02 13:57:48'),(7,'Judd Feeney','2023-04-02 13:58:19'),(8,'Francis Trantow DVM','2023-04-02 13:58:52'),(9,'Ms. Shanie Senger Sr.','2023-04-02 13:59:28'),(10,'Heber Langosh','2023-04-02 14:00:27'),(11,'Aurore Borer PhD','2023-04-02 14:07:58'),(12,'Mr. Gino Walsh','2023-04-02 14:08:53'),(13,'Angeline Bayer','2023-04-02 14:10:01'),(14,'Elva Wiegand','2023-04-02 14:10:32'),(15,'Prof. Jaylon Pagac III','2023-04-02 14:12:53'),(16,'Elody Harber','2023-04-02 14:13:45'),(17,'Conor Erdman V','2023-04-02 14:28:13'),(18,'Miss Lilly Runte I','2023-04-02 14:31:58'),(19,'Prof. Kaylin Volkman DDS','2023-04-02 14:33:56'),(20,'Lamont Eichmann','2023-04-02 14:35:39'),(21,'Jayde Swift','2023-04-02 14:36:47'),(22,'Alfredo Howell','2023-04-02 14:37:44'),(23,'Earlene Jacobs','2023-04-02 14:38:11'),(24,'Ansley Gorczany','2023-04-02 14:51:16'),(25,'Muhammad Runolfsdottir','2023-04-02 14:51:30'),(26,'Helmer Hudson','2023-04-02 14:51:34'),(27,'Jadon Oberbrunner','2023-04-02 14:51:37'),(28,'Amelie Schmitt Sr.','2023-04-02 14:51:38'),(29,'Marcos Lueilwitz','2023-04-02 14:51:40'),(30,'Jena Kling','2023-04-02 14:52:37'),(31,'Prof. Bradly Berge V','2023-04-02 14:59:27'),(32,'Jarrett Klein','2023-04-02 15:00:23'),(33,'Eveline Jaskolski','2023-04-02 15:00:48'),(34,'Amie Rolfson','2023-04-02 16:53:27'),(35,'Mr. Kyler Kertzmann MD','2023-04-02 16:53:37'),(36,'Billy Reinger','2023-04-02 16:53:41'),(37,'Ms. Jacklyn Sauer DVM','2023-04-02 16:55:01'),(38,'Laury Ryan','2023-04-02 16:55:20'),(39,'Eriberto Rutherford','2023-04-02 16:56:01'),(40,'Dr. Lavinia Roberts IV','2023-04-02 17:02:32'),(41,'Timmy Larson','2023-04-02 17:23:34'),(42,'Webster Harber','2023-04-02 17:24:27'),(43,'Hubert Haley','2023-04-02 17:24:54'),(44,'Jennings Walker','2023-04-02 17:32:15'),(45,'Georgianna Flatley PhD','2023-04-02 17:35:39'),(46,'Elisha Berge','2023-04-02 17:38:54'),(47,'Mrs. Elaina Walter','2023-04-02 17:39:52'),(48,'Remington Mertz Jr.','2023-04-02 17:40:52'),(49,'Gwen Abshire','2023-04-02 17:43:32'),(50,'Sarai Schumm','2023-04-02 17:44:03'),(51,'Mr. Griffin Hills','2023-04-02 17:49:41'),(52,'Kacie Boyer PhD','2023-04-02 17:50:02'),(53,'Prof. Federico Ratke IV','2023-04-02 17:50:18'),(54,'Eda Koepp II','2023-04-02 17:50:48'),(55,'Prof. Cleveland Stark','2023-04-02 17:51:27'),(56,'Devonte Bode','2023-04-02 17:53:46'),(57,'Ayla Hodkiewicz II','2023-04-02 17:55:12'),(58,'Mrs. Elsie Wintheiser','2023-04-02 17:55:33'),(59,'Wilton Murphy III','2023-04-02 17:55:54'),(60,'Kathryne Hermann DDS','2023-04-02 17:57:59'),(61,'Maxime Orn','2023-04-02 17:58:23'),(62,'Eliezer Moore V','2023-04-02 17:58:41'),(63,'Vena Trantow PhD','2023-04-02 17:59:46'),(64,'Anderson Watsica','2023-04-02 18:01:48'),(65,'Emile Dickinson','2023-04-02 18:02:01'),(66,'Mr. Presley Collins V','2023-04-02 18:03:59'),(67,'Mr. Darryl Block MD','2023-04-02 18:10:07'),(68,'Jeanne Rippin','2023-04-02 18:10:56'),(69,'Myrtice Crooks','2023-04-02 18:11:14'),(70,'Therese Schuppe','2023-04-02 18:11:26'),(71,'Marcelo Marvin','2023-04-02 18:11:34'),(72,'Evelyn Upton','2023-04-02 18:12:00'),(73,'Alanis Stamm','2023-04-02 18:12:43'),(74,'Blaze Doyle','2023-04-02 18:13:43'),(75,'Mrs. Michele Ferry PhD','2023-04-02 18:13:55'),(76,'Ms. Kari Hermann III','2023-04-02 18:14:27'),(77,'Prof. Michaela Sporer MD','2023-04-02 18:14:41'),(78,'Kattie Gaylord','2023-04-02 18:15:18'),(79,'Dr. Samson Howe','2023-04-02 18:15:20'),(80,'Mr. Dawson Kshlerin III','2023-04-02 18:15:22'),(81,'Dr. Johathan Stark II','2023-04-02 18:15:40'),(82,'Josephine Donnelly','2023-04-02 18:15:42'),(83,'Hunter Botsford','2023-04-02 18:15:45'),(84,'Vanessa Kemmer','2023-04-02 18:15:46'),(85,'Dr. Andrew Lebsack','2023-04-02 18:15:49'),(86,'Patricia Nolan','2023-04-02 18:16:18'),(87,'Elsa Quitzon','2023-04-02 18:16:21'),(88,'Mrs. Vernice Collier','2023-04-02 18:18:45'),(89,'Leann Reynolds','2023-04-02 18:19:35'),(90,'Marina Nolan','2023-04-02 18:20:56'),(91,'Braden Mueller','2023-04-02 18:21:03'),(92,'Alfredo Beahan','2023-04-02 18:21:09'),(93,'Braden West','2023-04-02 18:21:17'),(94,'Freddie Hermiston V','2023-04-02 18:21:20'),(95,'Trycia Krajcik','2023-04-02 18:21:23'),(96,'Iliana Anderson','2023-04-02 18:21:26'),(97,'Mitchel Bauch','2023-04-02 18:21:51'),(98,'Emmalee Watsica','2023-04-02 18:21:54'),(99,'Ms. Elvie Glover IV','2023-04-02 18:23:03'),(100,'Ned Ebert','2023-04-02 18:23:06'),(101,'Juwan Nolan','2023-04-02 18:23:08'),(102,'Miles Fadel','2023-04-02 18:31:09'),(103,'Mr. Candido Hyatt DDS','2023-04-02 18:35:49'),(104,'Dr. Stacey Ryan DVM','2023-04-02 18:36:17'),(105,'Alford Mertz','2023-04-02 18:39:20'),(106,'Cathy Padberg','2023-04-02 18:40:27'),(107,'Kara Crooks','2023-04-02 18:40:31'),(108,'Annette Heaney','2023-04-02 18:41:15'),(109,'Fatima Becker','2023-04-02 18:41:47'),(110,'Amanda Kub','2023-04-02 18:43:58'),(111,'Camila Von','2023-04-02 18:44:05'),(112,'Dr. Brody Langosh','2023-04-02 18:44:16'),(113,'Gabriel Jones','2023-04-02 18:44:18'),(114,'Diamond Russel DDS','2023-04-02 18:47:14'),(115,'Sabrina Olson','2023-04-02 18:47:16'),(116,'Sterling Breitenberg','2023-04-02 19:47:36'),(117,'Dr. Arlie Rowe','2023-04-02 19:48:06'),(118,'Bette Terry I','2023-04-02 19:48:21'),(119,'Gabrielle Stamm','2023-04-02 19:48:35'),(120,'Holden McLaughlin','2023-04-02 19:49:32'),(121,'Ava Ryan','2023-04-02 19:50:41'),(122,'Ansley Altenwerth Sr.','2023-04-02 19:50:44'),(123,'Priscilla Greenholt Sr.','2023-04-02 19:50:46'),(124,'Veda Ullrich','2023-04-02 19:50:48'),(125,'Sunny Lehner','2023-04-02 19:50:50'),(126,'Marcelo Veum','2023-04-02 19:52:23'),(127,'Lila Ernser','2023-04-02 19:53:01'),(128,'Ms. Virginie Hand DDS','2023-04-02 19:54:13'),(129,'John Klein','2023-04-02 19:54:15'),(130,'Chanel Schmitt','2023-04-02 19:54:16'),(131,'Prof. Kenny Bruen','2023-04-02 20:01:51'),(132,'Kelli Keeling DVM','2023-04-02 20:01:54'),(133,'Reba Schiller','2023-04-02 20:01:56'),(134,'Carey Kling','2023-04-02 20:01:58');
/*!40000 ALTER TABLE `vico` ENABLE KEYS */;
UNLOCK TABLES;
/*!40103 SET TIME_ZONE=@OLD_TIME_ZONE */;

/*!40101 SET SQL_MODE=@OLD_SQL_MODE */;
/*!40014 SET FOREIGN_KEY_CHECKS=@OLD_FOREIGN_KEY_CHECKS */;
/*!40014 SET UNIQUE_CHECKS=@OLD_UNIQUE_CHECKS */;
/*!40101 SET CHARACTER_SET_CLIENT=@OLD_CHARACTER_SET_CLIENT */;
/*!40101 SET CHARACTER_SET_RESULTS=@OLD_CHARACTER_SET_RESULTS */;
/*!40101 SET COLLATION_CONNECTION=@OLD_COLLATION_CONNECTION */;
/*!40111 SET SQL_NOTES=@OLD_SQL_NOTES */;

-- Dump completed on 2023-04-03  2:31:33
